time,heart_rate
2025-07-15 22:31:00.041036,66
2025-07-15 22:31:00.043873,66
2025-07-15 22:31:01.072365,58
2025-07-15 22:31:01.074073,58
2025-07-15 22:31:02.103476,59
2025-07-15 22:31:02.105251,59
2025-07-15 22:31:03.153438,57
2025-07-15 22:31:03.155320,57
2025-07-15 22:31:04.184998,56
2025-07-15 22:31:04.186801,56
2025-07-15 22:31:05.216235,55
2025-07-15 22:31:05.218284,55
2025-07-15 22:31:06.247972,55
2025-07-15 22:31:06.249879,55
2025-07-15 22:31:07.278771,54
2025-07-15 22:31:07.280609,54
2025-07-15 22:31:08.310225,53
2025-07-15 22:31:08.312166,53
2025-07-15 22:31:09.342424,59
2025-07-15 22:31:09.344450,59
2025-07-15 22:31:10.372675,59
2025-07-15 22:31:10.374821,59
2025-07-15 22:31:11.403801,59
2025-07-15 22:31:11.405750,59
2025-07-15 22:31:12.435151,59
2025-07-15 22:31:12.437112,59
2025-07-15 22:31:13.466651,59
2025-07-15 22:31:13.468896,59
2025-07-15 22:31:14.497616,59
2025-07-15 22:31:14.499640,59
2025-07-15 22:31:15.528896,59
2025-07-15 22:31:15.530784,59
2025-07-15 22:31:16.560470,59
2025-07-15 22:31:16.562954,59
2025-07-15 22:31:17.591827,60
2025-07-15 22:31:17.593728,60
2025-07-15 22:31:18.622722,60
2025-07-15 22:31:18.625169,60
2025-07-15 22:31:19.654295,60
2025-07-15 22:31:19.656383,60
2025-07-15 22:31:20.685572,61
2025-07-15 22:31:20.687611,61
2025-07-15 22:31:21.716832,61
2025-07-15 22:31:21.719063,61
2025-07-15 22:31:22.747997,62
2025-07-15 22:31:22.750005,62
2025-07-15 22:31:23.778914,62
2025-07-15 22:31:23.780886,62
2025-07-15 22:31:24.810941,63
2025-07-15 22:31:24.812770,63
2025-07-15 22:31:25.841379,63
2025-07-15 22:31:25.843373,63
2025-07-15 22:31:26.872862,63
2025-07-15 22:31:26.875126,63
2025-07-15 22:31:27.904086,63
2025-07-15 22:31:27.906297,63
2025-07-15 22:31:28.935188,63
2025-07-15 22:31:28.937188,63
2025-07-15 22:31:29.967181,63
2025-07-15 22:31:29.969005,63
2025-07-15 22:31:30.998035,62
2025-07-15 22:31:31.000628,62
2025-07-15 22:31:32.029280,62
2025-07-15 22:31:32.031336,62
2025-07-15 22:31:33.060159,62
2025-07-15 22:31:33.062562,62
2025-07-15 22:31:34.091948,64
2025-07-15 22:31:34.093814,64
2025-07-15 22:31:35.123208,65
2025-07-15 22:31:35.125328,65
2025-07-15 22:31:36.153904,66
2025-07-15 22:31:36.155809,66
2025-07-15 22:31:37.185149,68
2025-07-15 22:31:37.187208,68
2025-07-15 22:31:38.219199,70
2025-07-15 22:31:38.220777,70
2025-07-15 22:31:39.248290,72
2025-07-15 22:31:39.250131,72
2025-07-15 22:31:40.279654,75
2025-07-15 22:31:40.282109,75
2025-07-15 22:31:41.310415,76
2025-07-15 22:31:41.312210,76
2025-07-15 22:31:42.341835,78
2025-07-15 22:31:42.343926,78
2025-07-15 22:31:43.372760,80
2025-07-15 22:31:43.374782,80
2025-07-15 22:31:44.404128,81
2025-07-15 22:31:44.405960,81
2025-07-15 22:31:45.435525,81
2025-07-15 22:31:45.437777,81
2025-07-15 22:31:46.467019,81
2025-07-15 22:31:46.468986,81
2025-07-15 22:31:47.497779,80
2025-07-15 22:31:47.500196,80
2025-07-15 22:31:48.529345,79
2025-07-15 22:31:48.531536,79
2025-07-15 22:31:49.560407,79
2025-07-15 22:31:49.562425,79
2025-07-15 22:31:50.594364,75
2025-07-15 22:31:50.595856,75
2025-07-15 22:31:51.622850,74
2025-07-15 22:31:51.625024,74
2025-07-15 22:31:52.654112,71
2025-07-15 22:31:52.656012,71
2025-07-15 22:31:53.685338,71
2025-07-15 22:31:53.687395,71
2025-07-15 22:31:54.717194,70
2025-07-15 22:31:54.719189,70
2025-07-15 22:31:55.748154,70
2025-07-15 22:31:55.750025,70
2025-07-15 22:31:56.779207,71
2025-07-15 22:31:56.781551,71
2025-07-15 22:31:57.810554,72
2025-07-15 22:31:57.812798,72
2025-07-15 22:31:58.841955,73
2025-07-15 22:31:58.843655,73
2025-07-15 22:31:59.872895,74
2025-07-15 22:31:59.875041,74
2025-07-15 22:32:00.904552,75
2025-07-15 22:32:00.906261,75
2025-07-15 22:32:01.935384,77
2025-07-15 22:32:01.937413,77
2025-07-15 22:32:02.969133,77
2025-07-15 22:32:02.970514,77
2025-07-15 22:32:03.997925,78
2025-07-15 22:32:04.000249,78
2025-07-15 22:32:05.029339,86
2025-07-15 22:32:05.031377,86
2025-07-15 22:32:06.060610,90
2025-07-15 22:32:06.062726,90
2025-07-15 22:32:07.091612,93
2025-07-15 22:32:07.093201,93
2025-07-15 22:32:08.122904,95
2025-07-15 22:32:08.124687,95
2025-07-15 22:32:09.154500,96
2025-07-15 22:32:09.156325,96
2025-07-15 22:32:10.185531,94
2025-07-15 22:32:10.187056,94
2025-07-15 22:32:11.235321,95
2025-07-15 22:32:11.237143,95
2025-07-15 22:32:12.266895,95
2025-07-15 22:32:12.269152,95
2025-07-15 22:32:13.298207,95
2025-07-15 22:32:13.300167,95
2025-07-15 22:32:14.329390,91
2025-07-15 22:32:14.331705,91
2025-07-15 22:32:15.397982,89
2025-07-15 22:32:15.399917,89
2025-07-15 22:32:16.429625,83
2025-07-15 22:32:16.431483,83
2025-07-15 22:32:17.460788,83
2025-07-15 22:32:17.462815,83
2025-07-15 22:32:18.494943,84
2025-07-15 22:32:18.496862,84
2025-07-15 22:32:19.560715,85
2025-07-15 22:32:19.562759,85
2025-07-15 22:32:20.650713,86
2025-07-15 22:32:20.652804,86
2025-07-15 22:32:21.623061,86
2025-07-15 22:32:21.624974,86
2025-07-15 22:32:22.654762,86
2025-07-15 22:32:22.656625,86
2025-07-15 22:32:23.723090,84
2025-07-15 22:32:23.725024,84
2025-07-15 22:32:24.812649,82
2025-07-15 22:32:24.814113,82
2025-07-15 22:32:25.785860,81
2025-07-15 22:32:25.788048,81
2025-07-15 22:32:26.816793,79
2025-07-15 22:32:26.818825,79
2025-07-15 22:32:27.866780,78
2025-07-15 22:32:27.869006,78
2025-07-15 22:32:28.898553,77
2025-07-15 22:32:28.900971,77
2025-07-15 22:32:29.948172,75
2025-07-15 22:32:29.950420,75
2025-07-15 22:32:30.980208,74
2025-07-15 22:32:30.982400,74
2025-07-15 22:32:32.048736,74
2025-07-15 22:32:32.050951,74
2025-07-15 22:32:33.138080,74
2025-07-15 22:32:33.139621,74
2025-07-15 22:32:34.111012,74
2025-07-15 22:32:34.112955,74
2025-07-15 22:32:35.142145,75
2025-07-15 22:32:35.144133,75
2025-07-15 22:32:36.211188,75
2025-07-15 22:32:36.213364,75
2025-07-15 22:32:37.282793,75
2025-07-15 22:32:37.284230,75
2025-07-15 22:32:38.273268,75
2025-07-15 22:32:38.275362,75
2025-07-15 22:32:39.304977,76
2025-07-15 22:32:39.307722,76
2025-07-15 22:32:40.336196,77
2025-07-15 22:32:40.338508,77
2025-07-15 22:32:41.367042,77
2025-07-15 22:32:41.369335,77
2025-07-15 22:32:42.398211,75
2025-07-15 22:32:42.400408,75
2025-07-15 22:32:43.429509,74
2025-07-15 22:32:43.432108,74
2025-07-15 22:32:44.461054,72
2025-07-15 22:32:44.463201,72
2025-07-15 22:32:45.492240,71
2025-07-15 22:32:45.493996,71
2025-07-15 22:32:46.523363,70
2025-07-15 22:32:46.525274,70
2025-07-15 22:32:47.554637,68
2025-07-15 22:32:47.556677,68
2025-07-15 22:32:48.586140,67
2025-07-15 22:32:48.588217,67
2025-07-15 22:32:49.617684,67
2025-07-15 22:32:49.619869,67
2025-07-15 22:32:50.648655,67
2025-07-15 22:32:50.651007,67
2025-07-15 22:32:51.679988,68
2025-07-15 22:32:51.682132,68
2025-07-15 22:32:52.711276,69
2025-07-15 22:32:52.713118,69
2025-07-15 22:32:53.742137,71
2025-07-15 22:32:53.749150,71
2025-07-15 22:32:54.773803,71
2025-07-15 22:32:54.775753,71
2025-07-15 22:32:55.804894,72
2025-07-15 22:32:55.807044,72
2025-07-15 22:32:56.835973,72
2025-07-15 22:32:56.837892,72
2025-07-15 22:32:57.867320,72
2025-07-15 22:32:57.869180,72
2025-07-15 22:32:58.898413,72
2025-07-15 22:32:58.900419,72
2025-07-15 22:32:59.929680,72
2025-07-15 22:32:59.931676,72
2025-07-15 22:33:00.961573,72
2025-07-15 22:33:00.963402,72
2025-07-15 22:33:01.992463,73
2025-07-15 22:33:01.994436,73
2025-07-15 22:33:03.023700,74
2025-07-15 22:33:03.025768,74
2025-07-15 22:33:04.055549,75
2025-07-15 22:33:04.057834,75
2025-07-15 22:33:05.086465,75
2025-07-15 22:33:05.088300,75
2025-07-15 22:33:06.117657,75
2025-07-15 22:33:06.119730,75
2025-07-15 22:33:07.149234,75
2025-07-15 22:33:07.151653,75
2025-07-15 22:33:08.182598,75
2025-07-15 22:33:08.184030,75
2025-07-15 22:33:09.211203,74
2025-07-15 22:33:09.213044,74
2025-07-15 22:33:10.242378,73
2025-07-15 22:33:10.244215,73
2025-07-15 22:33:11.273696,72
2025-07-15 22:33:11.275713,72
2025-07-15 22:33:12.304966,71
2025-07-15 22:33:12.306884,71
2025-07-15 22:33:13.338745,71
2025-07-15 22:33:13.340236,71
2025-07-15 22:33:14.368001,73
2025-07-15 22:33:14.369992,73
2025-07-15 22:33:15.399391,73
2025-07-15 22:33:15.401444,73
2025-07-15 22:33:16.430138,73
2025-07-15 22:33:16.432286,73
2025-07-15 22:33:17.461587,73
2025-07-15 22:33:17.463354,73
2025-07-15 22:33:18.493012,72
2025-07-15 22:33:18.495573,72
2025-07-15 22:33:19.524034,71
2025-07-15 22:33:19.526321,71
2025-07-15 22:33:20.555135,70
2025-07-15 22:33:20.557396,70
2025-07-15 22:33:21.586725,69
2025-07-15 22:33:21.589038,69
2025-07-15 22:33:22.617759,67
2025-07-15 22:33:22.620147,67
2025-07-15 22:33:23.648802,64
2025-07-15 22:33:23.650697,64
2025-07-15 22:33:24.680041,63
2025-07-15 22:33:24.682102,63
2025-07-15 22:33:25.711767,63
2025-07-15 22:33:25.713847,63
2025-07-15 22:33:26.743169,62
2025-07-15 22:33:26.745200,62
2025-07-15 22:33:27.774827,63
2025-07-15 22:33:27.777066,63
2025-07-15 22:33:28.805503,64
2025-07-15 22:33:28.807974,64
2025-07-15 22:33:29.836697,65
2025-07-15 22:33:29.838585,65
2025-07-15 22:33:30.867704,65
2025-07-15 22:33:30.869561,65
2025-07-15 22:33:31.898884,66
2025-07-15 22:33:31.900861,66
2025-07-15 22:33:32.930402,66
2025-07-15 22:33:32.932423,66
2025-07-15 22:33:33.999058,66
2025-07-15 22:33:34.001310,66
2025-07-15 22:33:35.100117,67
2025-07-15 22:33:35.105590,67
2025-07-15 22:33:36.061457,67
2025-07-15 22:33:36.063424,67
2025-07-15 22:33:37.092744,67
2025-07-15 22:33:37.094654,67
2025-07-15 22:33:38.124283,66
2025-07-15 22:33:38.126239,66
2025-07-15 22:33:39.155535,67
2025-07-15 22:33:39.157522,67
2025-07-15 22:33:40.186535,67
2025-07-15 22:33:40.188551,67
2025-07-15 22:33:41.217760,68
2025-07-15 22:33:41.220563,68
2025-07-15 22:33:42.249102,68
2025-07-15 22:33:42.251298,68
2025-07-15 22:33:43.280575,68
2025-07-15 22:33:43.282645,68
2025-07-15 22:33:44.312054,68
2025-07-15 22:33:44.314251,68
2025-07-15 22:33:45.343098,67
2025-07-15 22:33:45.345304,67
2025-07-15 22:33:46.374066,67
2025-07-15 22:33:46.375947,67
2025-07-15 22:33:47.405375,67
2025-07-15 22:33:47.407758,67
2025-07-15 22:33:48.454865,66
2025-07-15 22:33:48.457351,66
2025-07-15 22:33:49.467986,67
2025-07-15 22:33:49.470237,67
2025-07-15 22:33:50.499145,66
2025-07-15 22:33:50.501501,66
2025-07-15 22:33:51.530761,66
2025-07-15 22:33:51.532991,66
2025-07-15 22:33:52.561714,67
2025-07-15 22:33:52.564133,67
2025-07-15 22:33:53.593185,68
2025-07-15 22:33:53.595376,68
2025-07-15 22:33:54.624211,69
2025-07-15 22:33:54.626573,69
2025-07-15 22:33:55.655916,70
2025-07-15 22:33:55.658117,70
2025-07-15 22:33:56.687109,71
2025-07-15 22:33:56.688976,71
2025-07-15 22:33:57.718116,72
2025-07-15 22:33:57.719963,72
2025-07-15 22:33:58.749234,73
2025-07-15 22:33:58.751112,73
2025-07-15 22:33:59.781013,73
2025-07-15 22:33:59.782883,73
2025-07-15 22:34:00.849491,75
2025-07-15 22:34:00.851433,75
2025-07-15 22:34:01.924002,76
2025-07-15 22:34:01.925564,76
2025-07-15 22:34:02.912090,77
2025-07-15 22:34:02.913950,77
2025-07-15 22:34:03.943232,77
2025-07-15 22:34:03.945390,77
2025-07-15 22:34:05.012175,78
2025-07-15 22:34:05.014101,78
2025-07-15 22:34:06.101894,80
2025-07-15 22:34:06.103677,80
2025-07-15 22:34:07.074816,81
2025-07-15 22:34:07.077209,81
2025-07-15 22:34:08.105643,82
2025-07-15 22:34:08.107948,82
2025-07-15 22:34:09.137336,84
2025-07-15 22:34:09.139317,84
2025-07-15 22:34:10.168569,86
2025-07-15 22:34:10.170657,86
2025-07-15 22:34:11.199622,87
2025-07-15 22:34:11.201917,87
2025-07-15 22:34:12.231250,89
2025-07-15 22:34:12.233201,89
2025-07-15 22:34:13.262132,91
2025-07-15 22:34:13.264182,91
2025-07-15 22:34:14.295984,92
2025-07-15 22:34:14.297420,92
2025-07-15 22:34:15.324979,94
2025-07-15 22:34:15.327297,94
2025-07-15 22:34:16.355873,95
2025-07-15 22:34:16.357910,95
2025-07-15 22:34:17.387612,96
2025-07-15 22:34:17.389525,96
2025-07-15 22:34:18.418678,97
2025-07-15 22:34:18.420613,97
2025-07-15 22:34:19.450023,96
2025-07-15 22:34:19.451900,96
2025-07-15 22:34:20.481109,96
2025-07-15 22:34:20.483656,96
2025-07-15 22:34:21.512708,93
2025-07-15 22:34:21.514788,93
2025-07-15 22:34:22.543716,91
2025-07-15 22:34:22.545556,91
2025-07-15 22:34:23.575066,89
2025-07-15 22:34:23.576906,89
2025-07-15 22:34:24.606228,86
2025-07-15 22:34:24.608393,86
2025-07-15 22:34:25.637194,83
2025-07-15 22:34:25.639231,83
2025-07-15 22:34:26.668436,80
2025-07-15 22:34:26.674784,80
2025-07-15 22:34:27.700415,77
2025-07-15 22:34:27.703181,77
2025-07-15 22:34:28.731112,75
2025-07-15 22:34:28.733193,75
2025-07-15 22:34:29.762334,74
2025-07-15 22:34:29.764411,74
2025-07-15 22:34:30.793920,74
2025-07-15 22:34:30.795834,74
2025-07-15 22:34:31.825043,74
2025-07-15 22:34:31.826920,74
2025-07-15 22:34:32.856124,74
2025-07-15 22:34:32.858087,74
2025-07-15 22:34:33.887325,75
2025-07-15 22:34:33.889308,75
2025-07-15 22:34:34.918810,75
2025-07-15 22:34:34.921357,75
2025-07-15 22:34:35.950095,74
2025-07-15 22:34:35.951965,74
2025-07-15 22:34:36.981582,74
2025-07-15 22:34:36.983377,74
2025-07-15 22:34:38.012788,74
2025-07-15 22:34:38.015180,74
2025-07-15 22:34:39.043753,74
2025-07-15 22:34:39.045586,74
2025-07-15 22:34:40.075265,74
2025-07-15 22:34:40.077459,74
2025-07-15 22:34:41.106157,74
2025-07-15 22:34:41.108094,74
2025-07-15 22:34:42.137823,74
2025-07-15 22:34:42.140040,74
2025-07-15 22:34:43.169104,73
2025-07-15 22:34:43.171728,73
2025-07-15 22:34:44.200019,73
2025-07-15 22:34:44.201992,73
2025-07-15 22:34:45.231826,72
2025-07-15 22:34:45.234216,72
2025-07-15 22:34:46.263610,72
2025-07-15 22:34:46.265991,72
2025-07-15 22:34:47.293896,71
2025-07-15 22:34:47.300294,71
2025-07-15 22:34:48.325211,70
2025-07-15 22:34:48.327192,70
2025-07-15 22:34:49.356483,69
2025-07-15 22:34:49.358312,69
2025-07-15 22:34:50.388180,71
2025-07-15 22:34:50.390913,71
2025-07-15 22:34:51.421705,72
2025-07-15 22:34:51.423277,72
2025-07-15 22:34:52.450164,75
2025-07-15 22:34:52.452114,75
2025-07-15 22:34:53.481370,76
2025-07-15 22:34:53.483398,76
2025-07-15 22:34:54.512817,79
2025-07-15 22:34:54.515208,79
2025-07-15 22:34:55.544047,81
2025-07-15 22:34:55.546059,81
2025-07-15 22:34:56.575411,81
2025-07-15 22:34:56.577173,81
2025-07-15 22:34:57.606586,81
2025-07-15 22:34:57.608731,81
2025-07-15 22:34:58.638355,81
2025-07-15 22:34:58.640227,81
2025-07-15 22:34:59.669413,79
2025-07-15 22:34:59.671312,79
2025-07-15 22:35:00.700425,77
2025-07-15 22:35:00.702453,77
2025-07-15 22:35:01.731678,74
2025-07-15 22:35:01.733614,74
2025-07-15 22:35:02.762967,72
2025-07-15 22:35:02.765087,72
2025-07-15 22:35:03.794171,68
2025-07-15 22:35:03.796590,68
2025-07-15 22:35:04.826199,67
2025-07-15 22:35:04.828767,67
2025-07-15 22:35:05.856825,66
2025-07-15 22:35:05.858736,66
2025-07-15 22:35:06.888058,64
2025-07-15 22:35:06.890880,64
2025-07-15 22:35:07.919449,64
2025-07-15 22:35:07.921274,64
2025-07-15 22:35:08.950461,64
2025-07-15 22:35:08.952545,64
2025-07-15 22:35:09.982145,65
2025-07-15 22:35:09.984250,65
2025-07-15 22:35:11.013417,66
2025-07-15 22:35:11.015725,66
2025-07-15 22:35:12.044306,66
2025-07-15 22:35:12.046271,66
2025-07-15 22:35:13.075558,68
2025-07-15 22:35:13.077595,68
2025-07-15 22:35:14.106773,69
2025-07-15 22:35:14.109036,69
2025-07-15 22:35:15.138128,70
2025-07-15 22:35:15.140536,70
2025-07-15 22:35:16.169665,72
2025-07-15 22:35:16.172330,72
2025-07-15 22:35:17.201289,72
2025-07-15 22:35:17.203328,72
2025-07-15 22:35:18.231986,73
2025-07-15 22:35:18.233941,73
2025-07-15 22:35:19.263212,73
2025-07-15 22:35:19.265177,73
2025-07-15 22:35:20.294361,73
2025-07-15 22:35:20.297408,73
2025-07-15 22:35:21.325826,73
2025-07-15 22:35:21.327893,73
2025-07-15 22:35:22.357173,73
2025-07-15 22:35:22.359294,73
2025-07-15 22:35:23.388239,73
2025-07-15 22:35:23.390185,73
2025-07-15 22:35:24.420173,73
2025-07-15 22:35:24.422249,73
2025-07-15 22:35:25.450675,73
2025-07-15 22:35:25.452561,73
2025-07-15 22:35:26.482001,73
2025-07-15 22:35:26.483957,73
2025-07-15 22:35:27.513916,73
2025-07-15 22:35:27.516045,73
2025-07-15 22:35:28.545065,73
2025-07-15 22:35:28.547162,73
2025-07-15 22:35:29.575947,74
2025-07-15 22:35:29.578453,74
2025-07-15 22:35:30.607302,74
2025-07-15 22:35:30.609338,74
2025-07-15 22:35:31.638357,74
2025-07-15 22:35:31.640554,74
2025-07-15 22:35:32.669592,74
2025-07-15 22:35:32.671706,74
2025-07-15 22:35:33.700902,75
2025-07-15 22:35:33.702903,75
2025-07-15 22:35:34.732392,75
2025-07-15 22:35:34.734802,75
2025-07-15 22:35:35.763344,76
2025-07-15 22:35:35.765276,76
2025-07-15 22:35:36.794685,76
2025-07-15 22:35:36.796567,76
2025-07-15 22:35:37.825726,77
2025-07-15 22:35:37.827745,77
2025-07-15 22:35:38.857013,77
2025-07-15 22:35:38.859056,77
2025-07-15 22:35:39.888514,77
2025-07-15 22:35:39.890528,77
2025-07-15 22:35:40.922399,77
2025-07-15 22:35:40.923965,77
2025-07-15 22:35:41.951366,77
2025-07-15 22:35:41.953689,77
2025-07-15 22:35:42.982801,77
2025-07-15 22:35:42.985169,77
2025-07-15 22:35:44.013627,77
2025-07-15 22:35:44.015687,77
2025-07-15 22:35:45.044885,76
2025-07-15 22:35:45.047041,76
2025-07-15 22:35:46.076378,76
2025-07-15 22:35:46.078480,76
2025-07-15 22:35:47.107422,76
2025-07-15 22:35:47.109484,76
2025-07-15 22:35:48.139024,76
2025-07-15 22:35:48.141012,76
2025-07-15 22:35:49.169852,76
2025-07-15 22:35:49.171836,76
2025-07-15 22:35:50.201484,76
2025-07-15 22:35:50.203443,76
2025-07-15 22:35:51.232843,76
2025-07-15 22:35:51.235805,76
2025-07-15 22:35:52.264029,76
2025-07-15 22:35:52.266210,76
2025-07-15 22:35:53.295472,76
2025-07-15 22:35:53.297687,76
2025-07-15 22:35:54.326403,76
2025-07-15 22:35:54.328384,76
2025-07-15 22:35:55.357553,76
2025-07-15 22:35:55.359700,76
2025-07-15 22:35:56.389106,75
2025-07-15 22:35:56.391217,75
2025-07-15 22:35:57.420597,75
2025-07-15 22:35:57.422549,75
2025-07-15 22:35:58.451400,75
2025-07-15 22:35:58.453828,75
2025-07-15 22:35:59.482810,74
2025-07-15 22:35:59.484906,74
2025-07-15 22:36:00.513863,74
2025-07-15 22:36:00.515917,74
2025-07-15 22:36:01.544902,74
2025-07-15 22:36:01.546851,74
2025-07-15 22:36:02.576349,75
2025-07-15 22:36:02.578073,75
2025-07-15 22:36:03.607616,75
2025-07-15 22:36:03.609625,75
2025-07-15 22:36:04.639004,75
2025-07-15 22:36:04.641237,75
2025-07-15 22:36:05.669921,76
2025-07-15 22:36:05.671860,76
2025-07-15 22:36:06.701445,76
2025-07-15 22:36:06.703605,76
2025-07-15 22:36:07.732950,75
2025-07-15 22:36:07.735023,75
2025-07-15 22:36:08.764396,76
2025-07-15 22:36:08.766367,76
2025-07-15 22:36:09.795579,85
2025-07-15 22:36:09.797532,85
2025-07-15 22:36:10.826586,92
2025-07-15 22:36:10.828513,92
2025-07-15 22:36:11.857792,95
2025-07-15 22:36:11.859630,95
2025-07-15 22:36:12.888800,99
2025-07-15 22:36:12.890973,99
2025-07-15 22:36:13.920219,106
2025-07-15 22:36:13.922033,106
2025-07-15 22:36:14.951352,108
2025-07-15 22:36:14.953099,108
2025-07-15 22:36:15.982665,111
2025-07-15 22:36:15.985243,111
2025-07-15 22:36:17.013928,116
2025-07-15 22:36:17.016062,116
2025-07-15 22:36:18.045587,124
2025-07-15 22:36:18.047592,124
2025-07-15 22:36:19.077042,124
2025-07-15 22:36:19.079363,124
2025-07-15 22:36:20.108279,115
2025-07-15 22:36:20.110545,115
2025-07-15 22:36:21.139468,117
2025-07-15 22:36:21.141610,117
2025-07-15 22:36:22.170742,117
2025-07-15 22:36:22.177124,117
2025-07-15 22:36:23.239676,113
2025-07-15 22:36:23.241766,113
2025-07-15 22:36:24.329116,111
2025-07-15 22:36:24.330766,111
2025-07-15 22:36:25.302350,112
2025-07-15 22:36:25.304866,112
2025-07-15 22:36:26.333112,112
2025-07-15 22:36:26.335103,112
2025-07-15 22:36:27.364639,110
2025-07-15 22:36:27.366622,110
2025-07-15 22:36:28.395689,112
2025-07-15 22:36:28.398551,112
2025-07-15 22:36:29.429913,115
2025-07-15 22:36:29.432084,115
2025-07-15 22:36:30.458202,117
2025-07-15 22:36:30.460466,117
2025-07-15 22:36:31.489426,118
2025-07-15 22:36:31.491722,118
2025-07-15 22:36:32.520902,121
2025-07-15 22:36:32.522792,121
2025-07-15 22:36:33.552765,121
2025-07-15 22:36:33.555570,121
2025-07-15 22:36:34.583378,125
2025-07-15 22:36:34.585500,125
2025-07-15 22:36:35.614445,129
2025-07-15 22:36:35.617671,129
2025-07-15 22:36:36.646434,133
2025-07-15 22:36:36.648920,133
2025-07-15 22:36:37.677981,132
2025-07-15 22:36:37.680759,132
2025-07-15 22:36:38.708272,135
2025-07-15 22:36:38.710497,135
2025-07-15 22:36:39.740202,138
2025-07-15 22:36:39.742504,138
2025-07-15 22:36:40.771462,140
2025-07-15 22:36:40.773530,140
2025-07-15 22:36:41.839730,147
2025-07-15 22:36:41.841757,147
2025-07-15 22:36:42.929677,147
2025-07-15 22:36:42.931259,147
2025-07-15 22:36:43.902821,152
2025-07-15 22:36:43.904672,152
2025-07-15 22:36:44.933939,152
2025-07-15 22:36:44.936428,152
2025-07-15 22:36:45.964886,146
2025-07-15 22:36:45.967394,146
2025-07-15 22:36:46.996142,147
2025-07-15 22:36:46.998733,147
2025-07-15 22:36:48.027639,145
2025-07-15 22:36:48.030541,145
2025-07-15 22:36:49.058640,141
2025-07-15 22:36:49.060627,141
2025-07-15 22:36:50.127614,139
2025-07-15 22:36:50.129604,139
2025-07-15 22:36:51.217415,138
2025-07-15 22:36:51.219037,138
2025-07-15 22:36:52.190060,133
2025-07-15 22:36:52.192105,133
2025-07-15 22:36:53.221384,134
2025-07-15 22:36:53.223457,134
2025-07-15 22:36:54.290093,137
2025-07-15 22:36:54.292438,137
2025-07-15 22:36:55.380329,134
2025-07-15 22:36:55.382222,134
2025-07-15 22:36:56.352521,133
2025-07-15 22:36:56.354659,133
2025-07-15 22:36:57.383735,137
2025-07-15 22:36:57.385950,137
2025-07-15 22:36:58.415735,137
2025-07-15 22:36:58.418426,137
2025-07-15 22:36:59.446792,133
2025-07-15 22:36:59.449183,133
2025-07-15 22:37:00.477698,137
2025-07-15 22:37:00.480419,137
2025-07-15 22:37:01.512007,137
2025-07-15 22:37:01.517792,137
2025-07-15 22:37:02.540100,134
2025-07-15 22:37:02.542474,134
2025-07-15 22:37:03.571475,132
2025-07-15 22:37:03.573964,132
2025-07-15 22:37:04.602596,136
2025-07-15 22:37:04.605223,136
2025-07-15 22:37:05.634364,135
2025-07-15 22:37:05.636419,135
2025-07-15 22:37:06.665136,132
2025-07-15 22:37:06.667911,132
2025-07-15 22:37:07.696493,132
2025-07-15 22:37:07.698404,132
2025-07-15 22:37:08.727785,135
2025-07-15 22:37:08.730084,135
2025-07-15 22:37:09.759278,135
2025-07-15 22:37:09.761681,135
2025-07-15 22:37:10.790796,133
2025-07-15 22:37:10.793520,133
2025-07-15 22:37:11.822076,128
2025-07-15 22:37:11.823956,128
2025-07-15 22:37:12.852980,129
2025-07-15 22:37:12.855258,129
2025-07-15 22:37:13.884587,129
2025-07-15 22:37:13.886799,129
2025-07-15 22:37:14.915689,130
2025-07-15 22:37:14.917681,130
2025-07-15 22:37:15.947196,133
2025-07-15 22:37:15.949839,133
2025-07-15 22:37:16.978508,134
2025-07-15 22:37:16.981025,134
2025-07-15 22:37:18.009268,134
2025-07-15 22:37:18.011687,134
2025-07-15 22:37:19.041037,136
2025-07-15 22:37:19.043300,136
2025-07-15 22:37:20.071728,138
2025-07-15 22:37:20.073823,138
2025-07-15 22:37:21.103187,147
2025-07-15 22:37:21.105278,147
2025-07-15 22:37:22.134169,146
2025-07-15 22:37:22.136403,146
2025-07-15 22:37:23.165798,146
2025-07-15 22:37:23.168033,146
2025-07-15 22:37:24.197378,148
2025-07-15 22:37:24.199710,148
2025-07-15 22:37:25.228006,149
2025-07-15 22:37:25.230352,149
2025-07-15 22:37:26.259392,149
2025-07-15 22:37:26.261445,149
2025-07-15 22:37:27.291274,149
2025-07-15 22:37:27.293793,149
2025-07-15 22:37:28.322702,149
2025-07-15 22:37:28.325378,149
2025-07-15 22:37:29.353612,149
2025-07-15 22:37:29.355721,149
2025-07-15 22:37:30.384437,149
2025-07-15 22:37:30.386487,149
2025-07-15 22:37:31.416162,150
2025-07-15 22:37:31.418092,150
2025-07-15 22:37:32.447199,149
2025-07-15 22:37:32.449304,149
2025-07-15 22:37:33.478250,149
2025-07-15 22:37:33.480167,149
2025-07-15 22:37:34.509494,148
2025-07-15 22:37:34.511483,148
2025-07-15 22:37:35.541085,147
2025-07-15 22:37:35.543956,147
2025-07-15 22:37:36.572367,147
2025-07-15 22:37:36.574451,147
2025-07-15 22:37:37.603614,146
2025-07-15 22:37:37.606030,146
2025-07-15 22:37:38.634764,146
2025-07-15 22:37:38.636724,146
2025-07-15 22:37:39.666256,147
2025-07-15 22:37:39.668697,147
2025-07-15 22:37:40.697212,146
2025-07-15 22:37:40.699584,146
2025-07-15 22:37:41.728548,146
2025-07-15 22:37:41.730616,146
2025-07-15 22:37:42.759790,146
2025-07-15 22:37:42.762436,146
2025-07-15 22:37:43.791312,146
2025-07-15 22:37:43.793525,146
2025-07-15 22:37:44.822919,147
2025-07-15 22:37:44.825340,147
2025-07-15 22:37:45.853592,146
2025-07-15 22:37:45.855769,146
2025-07-15 22:37:46.885369,147
2025-07-15 22:37:46.887484,147
2025-07-15 22:37:47.916051,147
2025-07-15 22:37:47.918290,147
2025-07-15 22:37:48.947861,147
2025-07-15 22:37:48.949839,147
2025-07-15 22:37:49.979051,148
2025-07-15 22:37:49.981547,148
2025-07-15 22:37:51.010146,148
2025-07-15 22:37:51.012479,148
2025-07-15 22:37:52.041353,149
2025-07-15 22:37:52.044083,149
2025-07-15 22:37:53.072427,149
2025-07-15 22:37:53.074474,149
2025-07-15 22:37:54.106960,143
2025-07-15 22:37:54.108991,143
2025-07-15 22:37:55.135066,142
2025-07-15 22:37:55.137660,142
2025-07-15 22:37:56.166519,137
2025-07-15 22:37:56.168880,137
2025-07-15 22:37:57.197205,135
2025-07-15 22:37:57.199654,135
2025-07-15 22:37:58.229459,136
2025-07-15 22:37:58.231608,136
2025-07-15 22:37:59.260105,135
2025-07-15 22:37:59.262115,135
2025-07-15 22:38:00.291725,109
2025-07-15 22:38:00.294154,109
2025-07-15 22:38:01.325804,103
2025-07-15 22:38:01.328176,103
2025-07-15 22:38:02.353980,105
2025-07-15 22:38:02.356220,105
2025-07-15 22:38:03.385341,109
2025-07-15 22:38:03.387669,109
2025-07-15 22:38:04.416916,110
2025-07-15 22:38:04.418944,110
2025-07-15 22:38:05.447918,115
2025-07-15 22:38:05.450251,115
2025-07-15 22:38:06.497847,115
2025-07-15 22:38:06.500080,115
2025-07-15 22:38:07.510721,114
2025-07-15 22:38:07.513314,114
2025-07-15 22:38:08.541707,140
2025-07-15 22:38:08.543897,140
2025-07-15 22:38:09.572715,140
2025-07-15 22:38:09.574753,140
2025-07-15 22:38:10.604478,144
2025-07-15 22:38:10.606743,144
2025-07-15 22:38:11.635634,144
2025-07-15 22:38:11.638118,144
2025-07-15 22:38:12.666999,143
2025-07-15 22:38:12.669347,143
2025-07-15 22:38:13.697960,142
2025-07-15 22:38:13.699963,142
2025-07-15 22:38:14.729234,142
2025-07-15 22:38:14.731465,142
2025-07-15 22:38:15.763659,140
2025-07-15 22:38:15.765947,140
2025-07-15 22:38:16.791781,140
2025-07-15 22:38:16.793871,140
2025-07-15 22:38:17.823810,139
2025-07-15 22:38:17.826452,139
2025-07-15 22:38:18.854483,138
2025-07-15 22:38:18.856875,138
2025-07-15 22:38:19.885940,137
2025-07-15 22:38:19.887905,137
2025-07-15 22:38:20.916782,137
2025-07-15 22:38:20.918799,137
2025-07-15 22:38:21.948548,136
2025-07-15 22:38:21.950980,136
2025-07-15 22:38:22.982149,135
2025-07-15 22:38:22.983845,135
2025-07-15 22:38:24.010542,135
2025-07-15 22:38:24.012774,135
2025-07-15 22:38:25.041932,135
2025-07-15 22:38:25.044048,135
2025-07-15 22:38:26.073717,134
2025-07-15 22:38:26.076123,134
2025-07-15 22:38:27.104548,134
2025-07-15 22:38:27.106974,134
2025-07-15 22:38:28.135662,132
2025-07-15 22:38:28.137689,132
2025-07-15 22:38:29.167024,131
2025-07-15 22:38:29.168988,131
2025-07-15 22:38:30.198218,130
2025-07-15 22:38:30.200371,130
2025-07-15 22:38:31.229693,130
2025-07-15 22:38:31.231723,130
2025-07-15 22:38:32.260986,129
2025-07-15 22:38:32.262907,129
2025-07-15 22:38:33.292082,129
2025-07-15 22:38:33.293996,129
2025-07-15 22:38:34.323371,128
2025-07-15 22:38:34.325280,128
2025-07-15 22:38:35.354607,127
2025-07-15 22:38:35.356695,127
2025-07-15 22:38:36.386014,127
2025-07-15 22:38:36.388002,127
2025-07-15 22:38:37.417131,127
2025-07-15 22:38:37.418946,127
2025-07-15 22:38:38.451140,126
2025-07-15 22:38:38.453480,126
2025-07-15 22:38:39.480252,125
2025-07-15 22:38:39.482030,125
2025-07-15 22:38:40.510903,126
2025-07-15 22:38:40.512761,126
2025-07-15 22:38:41.542567,125
2025-07-15 22:38:41.544377,125
2025-07-15 22:38:42.573452,125
2025-07-15 22:38:42.575403,125
2025-07-15 22:38:43.604978,124
2025-07-15 22:38:43.606885,124
2025-07-15 22:38:44.638667,123
2025-07-15 22:38:44.640222,123
2025-07-15 22:38:45.667313,123
2025-07-15 22:38:45.669270,123
2025-07-15 22:38:46.698552,121
2025-07-15 22:38:46.700585,121
2025-07-15 22:38:47.730502,121
2025-07-15 22:38:47.732277,121
2025-07-15 22:38:48.761084,122
2025-07-15 22:38:48.763431,122
2025-07-15 22:38:49.792944,121
2025-07-15 22:38:49.794709,121
2025-07-15 22:38:50.824096,120
2025-07-15 22:38:50.826273,120
2025-07-15 22:38:51.854996,119
2025-07-15 22:38:51.856890,119
2025-07-15 22:38:52.886344,119
2025-07-15 22:38:52.888396,119
2025-07-15 22:38:53.917755,118
2025-07-15 22:38:53.919645,118
2025-07-15 22:38:54.949085,117
2025-07-15 22:38:54.950938,117
2025-07-15 22:38:55.980300,117
2025-07-15 22:38:55.982172,117
2025-07-15 22:38:57.011520,116
2025-07-15 22:38:57.013261,116
2025-07-15 22:38:58.043109,115
2025-07-15 22:38:58.045231,115
2025-07-15 22:38:59.074559,115
2025-07-15 22:38:59.076949,115
2025-07-15 22:39:00.105448,113
2025-07-15 22:39:00.107643,113
2025-07-15 22:39:01.136552,113
2025-07-15 22:39:01.138639,113
2025-07-15 22:39:02.167838,112
2025-07-15 22:39:02.169783,112
2025-07-15 22:39:03.198912,111
2025-07-15 22:39:03.200957,111
2025-07-15 22:39:04.232662,110
2025-07-15 22:39:04.234417,110
2025-07-15 22:39:05.261530,109
2025-07-15 22:39:05.263489,109
2025-07-15 22:39:06.292979,109
2025-07-15 22:39:06.295120,109
2025-07-15 22:39:07.324134,108
2025-07-15 22:39:07.326081,108
2025-07-15 22:39:08.355741,107
2025-07-15 22:39:08.357659,107
2025-07-15 22:39:09.386764,108
2025-07-15 22:39:09.388607,108
2025-07-15 22:39:10.417986,110
2025-07-15 22:39:10.419921,110
2025-07-15 22:39:11.470641,110
2025-07-15 22:39:11.472166,110
2025-07-15 22:39:12.499572,88
2025-07-15 22:39:12.501740,88
2025-07-15 22:39:13.530553,85
2025-07-15 22:39:13.532758,85
2025-07-15 22:39:14.561770,82
2025-07-15 22:39:14.563996,82
2025-07-15 22:39:15.593197,78
2025-07-15 22:39:15.595823,78
2025-07-15 22:39:16.624743,71
2025-07-15 22:39:16.626824,71
2025-07-15 22:39:17.655822,62
2025-07-15 22:39:17.657861,62
2025-07-15 22:39:18.687014,54
2025-07-15 22:39:18.688939,54
2025-07-15 22:39:19.721042,54
2025-07-15 22:39:19.722564,54
2025-07-15 22:39:20.749961,54
2025-07-15 22:39:20.752011,54
2025-07-15 22:39:21.780845,54
2025-07-15 22:39:21.782947,54
2025-07-15 22:39:22.812144,54
2025-07-15 22:39:22.813962,54
2025-07-15 22:39:23.843507,54
2025-07-15 22:39:23.845402,54
2025-07-15 22:39:24.874615,54
2025-07-15 22:39:24.876664,54
2025-07-15 22:39:25.905882,54
2025-07-15 22:39:25.908008,54
2025-07-15 22:39:26.955715,54
2025-07-15 22:39:26.957959,54
2025-07-15 22:39:28.005805,54
2025-07-15 22:39:28.007856,54
2025-07-15 22:39:29.020896,54
2025-07-15 22:39:29.022957,54
2025-07-15 22:39:30.049921,54
2025-07-15 22:39:30.051712,54
2025-07-15 22:39:31.118392,53
2025-07-15 22:39:31.120516,53
2025-07-15 22:39:32.149606,52
2025-07-15 22:39:32.151663,52
2025-07-15 22:39:33.180891,58
2025-07-15 22:39:33.183167,58
2025-07-15 22:39:34.212122,60
2025-07-15 22:39:34.214336,60
2025-07-15 22:39:35.280903,61
2025-07-15 22:39:35.283453,61
2025-07-15 22:39:36.371365,56
2025-07-15 22:39:36.373261,56
2025-07-15 22:39:37.343931,58
2025-07-15 22:39:37.346010,58
2025-07-15 22:39:38.375221,58
2025-07-15 22:39:38.377332,58
2025-07-15 22:39:39.444036,54
2025-07-15 22:39:39.446354,54
2025-07-15 22:39:40.555535,54
2025-07-15 22:39:40.557408,54
2025-07-15 22:39:41.506495,56
2025-07-15 22:39:41.508591,56
2025-07-15 22:39:42.537456,62
2025-07-15 22:39:42.539432,62
2025-07-15 22:39:43.606403,57
2025-07-15 22:39:43.609089,57
2025-07-15 22:39:44.637368,59
2025-07-15 22:39:44.639781,59
2025-07-15 22:39:45.668759,62
2025-07-15 22:39:45.670757,62
2025-07-15 22:39:46.699885,62
2025-07-15 22:39:46.701832,62
2025-07-15 22:39:47.769290,79
2025-07-15 22:39:47.771830,79
2025-07-15 22:39:48.841328,79
2025-07-15 22:39:48.843253,79
2025-07-15 22:39:49.831410,98
2025-07-15 22:39:49.833163,98
2025-07-15 22:39:50.862844,98
2025-07-15 22:39:50.865059,98
2025-07-15 22:39:51.931847,88
2025-07-15 22:39:51.933967,88
2025-07-15 22:39:53.020963,88
2025-07-15 22:39:53.022546,88
2025-07-15 22:39:53.993820,88
2025-07-15 22:39:53.995830,88
2025-07-15 22:39:55.025555,88
2025-07-15 22:39:55.027660,88
2025-07-15 22:39:56.097306,88
2025-07-15 22:39:56.099024,88
2025-07-15 22:39:57.183968,88
2025-07-15 22:39:57.185772,88
2025-07-15 22:39:58.156713,88
2025-07-15 22:39:58.158669,88
2025-07-15 22:39:59.188096,88
2025-07-15 22:39:59.190023,88
2025-07-15 22:40:00.256636,88
2025-07-15 22:40:00.258507,88
2025-07-15 22:40:01.347619,88
2025-07-15 22:40:01.349188,88
2025-07-15 22:40:02.319250,88
2025-07-15 22:40:02.321183,88
2025-07-15 22:40:03.350536,88
2025-07-15 22:40:03.355491,88
2025-07-15 22:40:04.419264,88
2025-07-15 22:40:04.421199,88
2025-07-15 22:40:05.509497,88
2025-07-15 22:40:05.511448,88
2025-07-15 22:40:06.500074,88
2025-07-15 22:40:06.502163,88
2025-07-15 22:40:07.513215,48
2025-07-15 22:40:07.515176,48
2025-07-15 22:40:08.581881,44
2025-07-15 22:40:08.584041,44
2025-07-15 22:40:09.671944,40
2025-07-15 22:40:09.673769,40
2025-07-15 22:40:10.644626,40
2025-07-15 22:40:10.646770,40
2025-07-15 22:40:11.675592,40
2025-07-15 22:40:11.677445,40
2025-07-15 22:40:12.744386,40
2025-07-15 22:40:12.746386,40
2025-07-15 22:40:13.816693,40
2025-07-15 22:40:13.818294,40
2025-07-15 22:40:14.807101,40
2025-07-15 22:40:14.809265,40
2025-07-15 22:40:15.838622,40
2025-07-15 22:40:15.840819,40
2025-07-15 22:40:16.869584,40
2025-07-15 22:40:16.871575,40
2025-07-15 22:40:17.920120,40
2025-07-15 22:40:17.922257,40
2025-07-15 22:40:18.951306,40
2025-07-15 22:40:18.953527,40
2025-07-15 22:40:19.982181,40
2025-07-15 22:40:19.984105,40
2025-07-15 22:40:21.050979,40
2025-07-15 22:40:21.053089,40
2025-07-15 22:40:22.161821,40
2025-07-15 22:40:22.163289,40
2025-07-15 22:40:23.094635,40
2025-07-15 22:40:23.096716,40
2025-07-15 22:40:24.126277,40
2025-07-15 22:40:24.128499,40
2025-07-15 22:40:25.195151,40
2025-07-15 22:40:25.197210,40
2025-07-15 22:40:26.226592,40
2025-07-15 22:40:26.228871,40
2025-07-15 22:40:27.257369,40
2025-07-15 22:40:27.259380,40
2025-07-15 22:40:28.289232,40
2025-07-15 22:40:28.291598,40
2025-07-15 22:40:29.357889,40
2025-07-15 22:40:29.360389,40
2025-07-15 22:40:30.448300,40
2025-07-15 22:40:30.450080,40
2025-07-15 22:40:31.420098,40
2025-07-15 22:40:31.422491,40
2025-07-15 22:40:32.451388,40
2025-07-15 22:40:32.453204,40
2025-07-15 22:40:33.520298,40
2025-07-15 22:40:33.522103,40
2025-07-15 22:40:34.610227,40
2025-07-15 22:40:34.611888,40
2025-07-15 22:40:35.582327,40
2025-07-15 22:40:35.588804,40
2025-07-15 22:40:36.613489,40
2025-07-15 22:40:36.615151,40
2025-07-15 22:40:37.682282,40
2025-07-15 22:40:37.683846,40
2025-07-15 22:40:38.754372,40
2025-07-15 22:40:38.755860,40
2025-07-15 22:40:39.745107,46
2025-07-15 22:40:39.746861,46
2025-07-15 22:40:40.776300,125
2025-07-15 22:40:40.778603,125
2025-07-15 22:40:41.845350,125
2025-07-15 22:40:41.847333,125
2025-07-15 22:40:42.934867,125
2025-07-15 22:40:42.936705,125
2025-07-15 22:40:43.907757,125
2025-07-15 22:40:43.909977,125
2025-07-15 22:40:44.998016,125
2025-07-15 22:40:44.999881,125
2025-07-15 22:40:45.989249,115
2025-07-15 22:40:45.991144,115
2025-07-15 22:40:47.088591,100
2025-07-15 22:40:47.090291,100
2025-07-15 22:40:48.089885,100
2025-07-15 22:40:48.092224,100
2025-07-15 22:40:49.139351,100
2025-07-15 22:40:49.141439,100
2025-07-15 22:40:50.170556,100
2025-07-15 22:40:50.172799,100
2025-07-15 22:40:51.201906,100
2025-07-15 22:40:51.203972,100
2025-07-15 22:40:52.233083,100
2025-07-15 22:40:52.234899,100
2025-07-15 22:40:53.264341,100
2025-07-15 22:40:53.266237,100
2025-07-15 22:40:54.333123,78
2025-07-15 22:40:54.335067,78
2025-07-15 22:40:55.364303,78
2025-07-15 22:40:55.366319,78
2025-07-15 22:40:56.396157,41
2025-07-15 22:40:56.398772,41
2025-07-15 22:40:57.427265,48
2025-07-15 22:40:57.429722,48
2025-07-15 22:40:58.495718,57
2025-07-15 22:40:58.501919,57
2025-07-15 22:40:59.527136,60
2025-07-15 22:40:59.528936,60
2025-07-15 22:41:00.558709,64
2025-07-15 22:41:00.561056,64
2025-07-15 22:41:01.589918,65
2025-07-15 22:41:01.591728,65
2025-07-15 22:41:02.658707,65
2025-07-15 22:41:02.660735,65
2025-07-15 22:41:03.689658,67
2025-07-15 22:41:03.691963,67
2025-07-15 22:41:04.721309,87
2025-07-15 22:41:04.723696,87
2025-07-15 22:41:05.752677,87
2025-07-15 22:41:05.754890,87
2025-07-15 22:41:06.820838,87
2025-07-15 22:41:06.822593,87
2025-07-15 22:41:07.852420,87
2025-07-15 22:41:07.854544,87
2025-07-15 22:41:08.883442,87
2025-07-15 22:41:08.885540,87
2025-07-15 22:41:09.914909,87
2025-07-15 22:41:09.917177,87
2025-07-15 22:41:10.983609,87
2025-07-15 22:41:10.986146,87
2025-07-15 22:41:12.014786,87
2025-07-15 22:41:12.016877,87
2025-07-15 22:41:13.046366,86
2025-07-15 22:41:13.048627,86
2025-07-15 22:41:14.077369,84
2025-07-15 22:41:14.079326,84
2025-07-15 22:41:15.146626,82
2025-07-15 22:41:15.148444,82
2025-07-15 22:41:16.177862,79
2025-07-15 22:41:16.180011,79
2025-07-15 22:41:17.208832,77
2025-07-15 22:41:17.211069,77
2025-07-15 22:41:18.240151,76
2025-07-15 22:41:18.242326,76
2025-07-15 22:41:19.308948,74
2025-07-15 22:41:19.310767,74
2025-07-15 22:41:20.340284,74
2025-07-15 22:41:20.342755,74
2025-07-15 22:41:21.371280,74
2025-07-15 22:41:21.373611,74
2025-07-15 22:41:22.402951,75
2025-07-15 22:41:22.405458,75
2025-07-15 22:41:23.474071,76
2025-07-15 22:41:23.475629,76
2025-07-15 22:41:24.502546,78
2025-07-15 22:41:24.504670,78
2025-07-15 22:41:25.534180,80
2025-07-15 22:41:25.536135,80
2025-07-15 22:41:26.565496,83
2025-07-15 22:41:26.567275,83
2025-07-15 22:41:27.633935,85
2025-07-15 22:41:27.635926,85
2025-07-15 22:41:28.665478,86
2025-07-15 22:41:28.667682,86
2025-07-15 22:41:29.696467,87
2025-07-15 22:41:29.698676,87
2025-07-15 22:41:30.727778,88
2025-07-15 22:41:30.729882,88
2025-07-15 22:41:31.796643,88
2025-07-15 22:41:31.798473,88
2025-07-15 22:41:32.828140,88
2025-07-15 22:41:32.829965,88
2025-07-15 22:41:33.859432,88
2025-07-15 22:41:33.864583,88
2025-07-15 22:41:34.890388,88
2025-07-15 22:41:34.893272,88
2025-07-15 22:41:35.922130,87
2025-07-15 22:41:35.924533,87
2025-07-15 22:41:36.952911,93
2025-07-15 22:41:36.954865,93
2025-07-15 22:41:37.987228,93
2025-07-15 22:41:37.988734,93
2025-07-15 22:41:39.015473,93
2025-07-15 22:41:39.017398,93
2025-07-15 22:41:40.065835,93
2025-07-15 22:41:40.067856,93
2025-07-15 22:41:41.097187,93
2025-07-15 22:41:41.099650,93
2025-07-15 22:41:42.128604,92
2025-07-15 22:41:42.130907,92
2025-07-15 22:41:43.159736,93
2025-07-15 22:41:43.161759,93
2025-07-15 22:41:44.190982,92
2025-07-15 22:41:44.193115,92
2025-07-15 22:41:45.221845,94
2025-07-15 22:41:45.223900,94
2025-07-15 22:41:46.253266,87
2025-07-15 22:41:46.255379,87
2025-07-15 22:41:47.285009,88
2025-07-15 22:41:47.286896,88
2025-07-15 22:41:48.316224,88
2025-07-15 22:41:48.318646,88
2025-07-15 22:41:49.347095,89
2025-07-15 22:41:49.349148,89
2025-07-15 22:41:50.378573,90
2025-07-15 22:41:50.380717,90
2025-07-15 22:41:51.410355,91
2025-07-15 22:41:51.412185,91
2025-07-15 22:41:52.441088,92
2025-07-15 22:41:52.443074,92
2025-07-15 22:41:53.472155,92
2025-07-15 22:41:53.474066,92
2025-07-15 22:41:54.503861,93
2025-07-15 22:41:54.505710,93
2025-07-15 22:41:55.573195,93
2025-07-15 22:41:55.575482,93
2025-07-15 22:41:56.584858,93
2025-07-15 22:41:56.586821,93
2025-07-15 22:41:57.616294,93
2025-07-15 22:41:57.618076,93
2025-07-15 22:41:58.647237,93
2025-07-15 22:41:58.649037,93
2025-07-15 22:41:59.678500,92
2025-07-15 22:41:59.680413,92
2025-07-15 22:42:00.709935,93
2025-07-15 22:42:00.712643,93
2025-07-15 22:42:01.741299,93
2025-07-15 22:42:01.743194,93
2025-07-15 22:42:02.772392,93
2025-07-15 22:42:02.774309,93
2025-07-15 22:42:03.803603,92
2025-07-15 22:42:03.805909,92
2025-07-15 22:42:04.835248,91
2025-07-15 22:42:04.837095,91
2025-07-15 22:42:05.866198,91
2025-07-15 22:42:05.868253,91
2025-07-15 22:42:06.897831,90
2025-07-15 22:42:06.899496,90
2025-07-15 22:42:07.928998,90
2025-07-15 22:42:07.930785,90
2025-07-15 22:42:08.960022,89
2025-07-15 22:42:08.961823,89
2025-07-15 22:42:09.991764,90
2025-07-15 22:42:09.994109,90
2025-07-15 22:42:11.022732,90
2025-07-15 22:42:11.024860,90
2025-07-15 22:42:12.054165,90
2025-07-15 22:42:12.056249,90
2025-07-15 22:42:13.085431,90
2025-07-15 22:42:13.087539,90
2025-07-15 22:42:14.116916,97
2025-07-15 22:42:14.119242,97
2025-07-15 22:42:15.148172,100
2025-07-15 22:42:15.150365,100
2025-07-15 22:42:16.179118,98
2025-07-15 22:42:16.181236,98
2025-07-15 22:42:17.210493,99
2025-07-15 22:42:17.212628,99
2025-07-15 22:42:18.241560,106
2025-07-15 22:42:18.243808,106
2025-07-15 22:42:19.273297,111
2025-07-15 22:42:19.275264,111
2025-07-15 22:42:20.304354,117
2025-07-15 22:42:20.306419,117
2025-07-15 22:42:21.335658,122
2025-07-15 22:42:21.337528,122
2025-07-15 22:42:22.366657,129
2025-07-15 22:42:22.368706,129
2025-07-15 22:42:23.398398,130
2025-07-15 22:42:23.400913,130
2025-07-15 22:42:24.429500,126
2025-07-15 22:42:24.431506,126
2025-07-15 22:42:25.461206,138
2025-07-15 22:42:25.463271,138
2025-07-15 22:42:26.491721,145
2025-07-15 22:42:26.493940,145
2025-07-15 22:42:27.523691,144
2025-07-15 22:42:27.525776,144
2025-07-15 22:42:28.554514,137
2025-07-15 22:42:28.556666,137
2025-07-15 22:42:29.585921,133
2025-07-15 22:42:29.588117,133
2025-07-15 22:42:30.616843,127
2025-07-15 22:42:30.618745,127
2025-07-15 22:42:31.648188,125
2025-07-15 22:42:31.650112,125
2025-07-15 22:42:32.679409,118
2025-07-15 22:42:32.681559,118
2025-07-15 22:42:33.711266,125
2025-07-15 22:42:33.713161,125
2025-07-15 22:42:34.742297,123
2025-07-15 22:42:34.744144,123
2025-07-15 22:42:35.773244,117
2025-07-15 22:42:35.775498,117
2025-07-15 22:42:36.804582,113
2025-07-15 22:42:36.806505,113
2025-07-15 22:42:37.835868,117
2025-07-15 22:42:37.841331,117
2025-07-15 22:42:38.867181,116
2025-07-15 22:42:38.869194,116
2025-07-15 22:42:39.898396,116
2025-07-15 22:42:39.900503,116
2025-07-15 22:42:40.929625,114
2025-07-15 22:42:40.931604,114
2025-07-15 22:42:41.961139,116
2025-07-15 22:42:41.964358,116
2025-07-15 22:42:42.994597,106
2025-07-15 22:42:42.996119,106
2025-07-15 22:42:44.023792,107
2025-07-15 22:42:44.025758,107
2025-07-15 22:42:45.055300,107
2025-07-15 22:42:45.057585,107
2025-07-15 22:42:46.086698,107
2025-07-15 22:42:46.089220,107
2025-07-15 22:42:47.117864,106
2025-07-15 22:42:47.120240,106
2025-07-15 22:42:48.149037,109
2025-07-15 22:42:48.150828,109
2025-07-15 22:42:49.179873,112
2025-07-15 22:42:49.181790,112
2025-07-15 22:42:50.211416,111
2025-07-15 22:42:50.213636,111
2025-07-15 22:42:51.242658,115
2025-07-15 22:42:51.244817,115
2025-07-15 22:42:52.311327,124
2025-07-15 22:42:52.313219,124
2025-07-15 22:42:53.342671,122
2025-07-15 22:42:53.344845,122
2025-07-15 22:42:54.374274,126
2025-07-15 22:42:54.376071,126
2025-07-15 22:42:55.404946,125
2025-07-15 22:42:55.406948,125
2025-07-15 22:42:56.436703,125
2025-07-15 22:42:56.438524,125
2025-07-15 22:42:57.469276,126
2025-07-15 22:42:57.471606,126
2025-07-15 22:42:58.498900,127
2025-07-15 22:42:58.500837,127
2025-07-15 22:42:59.530632,131
2025-07-15 22:42:59.532798,131
2025-07-15 22:43:00.640031,128
2025-07-15 22:43:00.641527,128
2025-07-15 22:43:01.611650,127
2025-07-15 22:43:01.613479,127
2025-07-15 22:43:02.661511,132
2025-07-15 22:43:02.663523,132
2025-07-15 22:43:03.692940,130
2025-07-15 22:43:03.695079,130
2025-07-15 22:43:04.724813,132
2025-07-15 22:43:04.727340,132
2025-07-15 22:43:05.755567,134
2025-07-15 22:43:05.757645,134
2025-07-15 22:43:06.786719,133
2025-07-15 22:43:06.788787,133
2025-07-15 22:43:07.817802,133
2025-07-15 22:43:07.820126,133
2025-07-15 22:43:08.849635,134
2025-07-15 22:43:08.852083,134
2025-07-15 22:43:09.880469,134
2025-07-15 22:43:09.882042,134
2025-07-15 22:43:10.911518,134
2025-07-15 22:43:10.913011,134
2025-07-15 22:43:11.942655,134
2025-07-15 22:43:11.944463,134
2025-07-15 22:43:12.974723,136
2025-07-15 22:43:12.976615,136
2025-07-15 22:43:14.005612,138
2025-07-15 22:43:14.007483,138
2025-07-15 22:43:15.037028,135
2025-07-15 22:43:15.038834,135
2025-07-15 22:43:16.068166,137
2025-07-15 22:43:16.070572,137
2025-07-15 22:43:17.099822,140
2025-07-15 22:43:17.101584,140
2025-07-15 22:43:18.133255,135
2025-07-15 22:43:18.134716,135
2025-07-15 22:43:19.162058,135
2025-07-15 22:43:19.163921,135
2025-07-15 22:43:20.193183,138
2025-07-15 22:43:20.195135,138
2025-07-15 22:43:21.224606,138
2025-07-15 22:43:21.226477,138
2025-07-15 22:43:22.256030,138
2025-07-15 22:43:22.257910,138
2025-07-15 22:43:23.287081,136
2025-07-15 22:43:23.288924,136
2025-07-15 22:43:24.318354,138
2025-07-15 22:43:24.320383,138
2025-07-15 22:43:25.350073,138
2025-07-15 22:43:25.351994,138
2025-07-15 22:43:26.381268,135
2025-07-15 22:43:26.383646,135
2025-07-15 22:43:27.412170,137
2025-07-15 22:43:27.414290,137
2025-07-15 22:43:28.443605,137
2025-07-15 22:43:28.445620,137
2025-07-15 22:43:29.475459,135
2025-07-15 22:43:29.477308,135
2025-07-15 22:43:30.508821,135
2025-07-15 22:43:30.510719,135
2025-07-15 22:43:31.537284,134
2025-07-15 22:43:31.539476,134
2025-07-15 22:43:32.568966,135
2025-07-15 22:43:32.571364,135
2025-07-15 22:43:33.600566,133
2025-07-15 22:43:33.602686,133
2025-07-15 22:43:34.631465,133
2025-07-15 22:43:34.633306,133
2025-07-15 22:43:35.662972,135
2025-07-15 22:43:35.665305,135
2025-07-15 22:43:36.693696,138
2025-07-15 22:43:36.695730,138
2025-07-15 22:43:37.724893,134
2025-07-15 22:43:37.726819,134
2025-07-15 22:43:38.756225,134
2025-07-15 22:43:38.758189,134
2025-07-15 22:43:39.787978,136
2025-07-15 22:43:39.789761,136
2025-07-15 22:43:40.818730,137
2025-07-15 22:43:40.820633,137
2025-07-15 22:43:41.850059,135
2025-07-15 22:43:41.851982,135
2025-07-15 22:43:42.882028,137
2025-07-15 22:43:42.884590,137
2025-07-15 22:43:43.912814,138
2025-07-15 22:43:43.914763,138
2025-07-15 22:43:44.943855,140
2025-07-15 22:43:44.945653,140
2025-07-15 22:43:45.975639,136
2025-07-15 22:43:45.977706,136
2025-07-15 22:43:47.006872,138
2025-07-15 22:43:47.009431,138
2025-07-15 22:43:48.037667,138
2025-07-15 22:43:48.039638,138
2025-07-15 22:43:49.069127,138
2025-07-15 22:43:49.071404,138
2025-07-15 22:43:50.100514,139
2025-07-15 22:43:50.102710,139
2025-07-15 22:43:51.131606,139
2025-07-15 22:43:51.133522,139
2025-07-15 22:43:52.163214,138
2025-07-15 22:43:52.165513,138
2025-07-15 22:43:53.194371,138
2025-07-15 22:43:53.196702,138
2025-07-15 22:43:54.225920,138
2025-07-15 22:43:54.228081,138
2025-07-15 22:43:55.257013,141
2025-07-15 22:43:55.259017,141
2025-07-15 22:43:56.287859,142
2025-07-15 22:43:56.289831,142
2025-07-15 22:43:57.319955,139
2025-07-15 22:43:57.321761,139
2025-07-15 22:43:58.350782,140
2025-07-15 22:43:58.353456,140
2025-07-15 22:43:59.381721,139
2025-07-15 22:43:59.383726,139
2025-07-15 22:44:00.413286,142
2025-07-15 22:44:00.415346,142
2025-07-15 22:44:01.444553,142
2025-07-15 22:44:01.446403,142
2025-07-15 22:44:02.475821,143
2025-07-15 22:44:02.477636,143
2025-07-15 22:44:03.507073,144
2025-07-15 22:44:03.508954,144
2025-07-15 22:44:04.538209,142
2025-07-15 22:44:04.540033,142
2025-07-15 22:44:05.569452,139
2025-07-15 22:44:05.571621,139
2025-07-15 22:44:06.600681,139
2025-07-15 22:44:06.602632,139
2025-07-15 22:44:07.631990,139
2025-07-15 22:44:07.633787,139
2025-07-15 22:44:08.663496,140
2025-07-15 22:44:08.665637,140
2025-07-15 22:44:09.695095,140
2025-07-15 22:44:09.696944,140
2025-07-15 22:44:10.726075,141
2025-07-15 22:44:10.728046,141
2025-07-15 22:44:11.759758,140
2025-07-15 22:44:11.761302,140
2025-07-15 22:44:12.788379,140
2025-07-15 22:44:12.790338,140
2025-07-15 22:44:13.819652,137
2025-07-15 22:44:13.821568,137
2025-07-15 22:44:14.851919,144
2025-07-15 22:44:14.853753,144
2025-07-15 22:44:15.882633,147
2025-07-15 22:44:15.884932,147
2025-07-15 22:44:16.991757,147
2025-07-15 22:44:16.993223,147
2025-07-15 22:44:17.982650,148
2025-07-15 22:44:17.984898,148
2025-07-15 22:44:19.013990,145
2025-07-15 22:44:19.016285,145
2025-07-15 22:44:20.045166,144
2025-07-15 22:44:20.047415,144
2025-07-15 22:44:21.076315,145
2025-07-15 22:44:21.078527,145
2025-07-15 22:44:22.107864,145
2025-07-15 22:44:22.109703,145
2025-07-15 22:44:23.139058,145
2025-07-15 22:44:23.141349,145
2025-07-15 22:44:24.170031,144
2025-07-15 22:44:24.171905,144
2025-07-15 22:44:25.201623,144
2025-07-15 22:44:25.203522,144
2025-07-15 22:44:26.232769,143
2025-07-15 22:44:26.234827,143
2025-07-15 22:44:27.264496,143
2025-07-15 22:44:27.266593,143
2025-07-15 22:44:28.295841,144
2025-07-15 22:44:28.297914,144
2025-07-15 22:44:29.326359,143
2025-07-15 22:44:29.328169,143
2025-07-15 22:44:30.357618,143
2025-07-15 22:44:30.360024,143
2025-07-15 22:44:31.388819,142
2025-07-15 22:44:31.390883,142
2025-07-15 22:44:32.420582,142
2025-07-15 22:44:32.422380,142
2025-07-15 22:44:33.451705,142
2025-07-15 22:44:33.453989,142
2025-07-15 22:44:34.483059,142
2025-07-15 22:44:34.485449,142
2025-07-15 22:44:35.514302,142
2025-07-15 22:44:35.516508,142
2025-07-15 22:44:36.545353,139
2025-07-15 22:44:36.547513,139
2025-07-15 22:44:37.576638,141
2025-07-15 22:44:37.579210,141
2025-07-15 22:44:38.607882,140
2025-07-15 22:44:38.609993,140
2025-07-15 22:44:39.639450,139
2025-07-15 22:44:39.641623,139
2025-07-15 22:44:40.670684,139
2025-07-15 22:44:40.672715,139
2025-07-15 22:44:41.701906,140
2025-07-15 22:44:41.704020,140
2025-07-15 22:44:42.733674,139
2025-07-15 22:44:42.735794,139
2025-07-15 22:44:43.766896,139
2025-07-15 22:44:43.768462,139
2025-07-15 22:44:44.795690,138
2025-07-15 22:44:44.797867,138
2025-07-15 22:44:45.826866,139
2025-07-15 22:44:45.828936,139
2025-07-15 22:44:46.857973,139
2025-07-15 22:44:46.860000,139
2025-07-15 22:44:48.007310,138
2025-07-15 22:44:48.008676,138
2025-07-15 22:44:48.996106,139
2025-07-15 22:44:48.998476,139
2025-07-15 22:44:50.026968,132
2025-07-15 22:44:50.028810,132
2025-07-15 22:44:51.058480,124
2025-07-15 22:44:51.060400,124
2025-07-15 22:44:52.089559,108
2025-07-15 22:44:52.091643,108
2025-07-15 22:44:53.120699,108
2025-07-15 22:44:53.122570,108
2025-07-15 22:44:54.152393,104
2025-07-15 22:44:54.154186,104
2025-07-15 22:44:55.184025,80
2025-07-15 22:44:55.185873,80
2025-07-15 22:44:56.214585,71
2025-07-15 22:44:56.216554,71
2025-07-15 22:44:57.246499,67
2025-07-15 22:44:57.248573,67
2025-07-15 22:44:58.277576,56
2025-07-15 22:44:58.279381,56
2025-07-15 22:44:59.308682,52
2025-07-15 22:44:59.310619,52
2025-07-15 22:45:00.339881,54
2025-07-15 22:45:00.341711,54
2025-07-15 22:45:01.371540,58
2025-07-15 22:45:01.373460,58
2025-07-15 22:45:02.402207,63
2025-07-15 22:45:02.404169,63
2025-07-15 22:45:03.433481,63
2025-07-15 22:45:03.435452,63
2025-07-15 22:45:04.465140,61
2025-07-15 22:45:04.466914,61
2025-07-15 22:45:05.496333,62
2025-07-15 22:45:05.498503,62
2025-07-15 22:45:06.527564,58
2025-07-15 22:45:06.529334,58
2025-07-15 22:45:07.558729,63
2025-07-15 22:45:07.560683,63
2025-07-15 22:45:08.590354,49
2025-07-15 22:45:08.592242,49
2025-07-15 22:45:09.621250,47
2025-07-15 22:45:09.623208,47
2025-07-15 22:45:10.652613,47
2025-07-15 22:45:10.655252,47
2025-07-15 22:45:11.683861,47
2025-07-15 22:45:11.685813,47
2025-07-15 22:45:12.733537,54
2025-07-15 22:45:12.735570,54
2025-07-15 22:45:13.765287,50
2025-07-15 22:45:13.767124,50
2025-07-15 22:45:14.796247,63
2025-07-15 22:45:14.798220,63
2025-07-15 22:45:15.827599,67
2025-07-15 22:45:15.829465,67
2025-07-15 22:45:16.858812,67
2025-07-15 22:45:16.861307,67
2025-07-15 22:45:17.890160,63
2025-07-15 22:45:17.892052,63
2025-07-15 22:45:18.921442,63
2025-07-15 22:45:18.923469,63
2025-07-15 22:45:19.953080,61
2025-07-15 22:45:19.955560,61
2025-07-15 22:45:20.984091,43
2025-07-15 22:45:20.986284,43
2025-07-15 22:45:22.015555,41
2025-07-15 22:45:22.017758,41
2025-07-15 22:45:23.046752,40
2025-07-15 22:45:23.049054,40
2025-07-15 22:45:24.080434,41
2025-07-15 22:45:24.082204,41
2025-07-15 22:45:25.109296,41
2025-07-15 22:45:25.111383,41
2025-07-15 22:45:26.140284,41
2025-07-15 22:45:26.142465,41
2025-07-15 22:45:27.171676,41
2025-07-15 22:45:27.174068,41
2025-07-15 22:45:28.202839,46
2025-07-15 22:45:28.204768,46
2025-07-15 22:45:29.234163,46
2025-07-15 22:45:29.236053,46
2025-07-15 22:45:30.265433,42
2025-07-15 22:45:30.267320,42
2025-07-15 22:45:31.296692,44
2025-07-15 22:45:31.298384,44
2025-07-15 22:45:32.328348,44
2025-07-15 22:45:32.330293,44
2025-07-15 22:45:33.359546,44
2025-07-15 22:45:33.361333,44
2025-07-15 22:45:34.390901,48
2025-07-15 22:45:34.393101,48
2025-07-15 22:45:35.422146,50
2025-07-15 22:45:35.424532,50
2025-07-15 22:45:36.453154,46
2025-07-15 22:45:36.455378,46
2025-07-15 22:45:37.484651,44
2025-07-15 22:45:37.486744,44
2025-07-15 22:45:38.515692,51
2025-07-15 22:45:38.518037,51
2025-07-15 22:45:39.547101,48
2025-07-15 22:45:39.552832,48
2025-07-15 22:45:40.578374,49
2025-07-15 22:45:40.580330,49
2025-07-15 22:45:41.609814,50
2025-07-15 22:45:41.612030,50
2025-07-15 22:45:42.641280,49
2025-07-15 22:45:42.643123,49
2025-07-15 22:45:43.672288,46
2025-07-15 22:45:43.674188,46
2025-07-15 22:45:44.703481,47
2025-07-15 22:45:44.705376,47
2025-07-15 22:45:45.734664,47
2025-07-15 22:45:45.736630,47
2025-07-15 22:45:46.765973,45
2025-07-15 22:45:46.767915,45
2025-07-15 22:45:47.797118,45
2025-07-15 22:45:47.799628,45
2025-07-15 22:45:48.828871,41
2025-07-15 22:45:48.830717,41
2025-07-15 22:45:49.878701,40
2025-07-15 22:45:49.880832,40
2025-07-15 22:45:50.909920,43
2025-07-15 22:45:50.912006,43
2025-07-15 22:45:51.941085,52
2025-07-15 22:45:51.943275,52
2025-07-15 22:45:52.972762,97
2025-07-15 22:45:52.974648,97
2025-07-15 22:45:54.004134,97
2025-07-15 22:45:54.005822,97
2025-07-15 22:45:55.034884,68
2025-07-15 22:45:55.037143,68
2025-07-15 22:45:56.066203,68
2025-07-15 22:45:56.068794,68
2025-07-15 22:45:57.097388,61
2025-07-15 22:45:57.099281,61
2025-07-15 22:45:58.129102,53
2025-07-15 22:45:58.131172,53
2025-07-15 22:45:59.160261,49
2025-07-15 22:45:59.162018,49
2025-07-15 22:46:00.191518,55
2025-07-15 22:46:00.193570,55
2025-07-15 22:46:01.222762,51
2025-07-15 22:46:01.224859,51
2025-07-15 22:46:02.254272,52
2025-07-15 22:46:02.256070,52
2025-07-15 22:46:03.285432,49
2025-07-15 22:46:03.287710,49
2025-07-15 22:46:04.316352,49
2025-07-15 22:46:04.318470,49
2025-07-15 22:46:05.347896,42
2025-07-15 22:46:05.350075,42
2025-07-15 22:46:06.379419,43
2025-07-15 22:46:06.381408,43
2025-07-15 22:46:07.410134,48
2025-07-15 22:46:07.412311,48
2025-07-15 22:46:08.441785,46
2025-07-15 22:46:08.443569,46
2025-07-15 22:46:09.473002,46
2025-07-15 22:46:09.474919,46
2025-07-15 22:46:10.504309,46
2025-07-15 22:46:10.506464,46
2025-07-15 22:46:11.535544,54
2025-07-15 22:46:11.537641,54
2025-07-15 22:46:12.566636,66
2025-07-15 22:46:12.568690,66
2025-07-15 22:46:13.597820,64
2025-07-15 22:46:13.599829,64
2025-07-15 22:46:14.629427,58
2025-07-15 22:46:14.631603,58
2025-07-15 22:46:15.663457,62
2025-07-15 22:46:15.665214,62
2025-07-15 22:46:16.691758,68
2025-07-15 22:46:16.693654,68
2025-07-15 22:46:17.723209,69
2025-07-15 22:46:17.725277,69
2025-07-15 22:46:18.754761,78
2025-07-15 22:46:18.756666,78
2025-07-15 22:46:19.785704,76
2025-07-15 22:46:19.787646,76
2025-07-15 22:46:20.816904,75
2025-07-15 22:46:20.818789,75
2025-07-15 22:46:21.848493,79
2025-07-15 22:46:21.850349,79
2025-07-15 22:46:22.879388,90
2025-07-15 22:46:22.881286,90
2025-07-15 22:46:23.910922,81
2025-07-15 22:46:23.912822,81
2025-07-15 22:46:24.979723,79
2025-07-15 22:46:24.981741,79
2025-07-15 22:46:26.010753,69
2025-07-15 22:46:26.012873,69
2025-07-15 22:46:27.042173,71
2025-07-15 22:46:27.044358,71
2025-07-15 22:46:28.073344,69
2025-07-15 22:46:28.075626,69
2025-07-15 22:46:29.104927,69
2025-07-15 22:46:29.107191,69
2025-07-15 22:46:30.136141,62
2025-07-15 22:46:30.137961,62
2025-07-15 22:46:31.167085,56
2025-07-15 22:46:31.168919,56
2025-07-15 22:46:32.198357,58
2025-07-15 22:46:32.200572,58
2025-07-15 22:46:33.232011,60
2025-07-15 22:46:33.233500,60
2025-07-15 22:46:34.260893,69
2025-07-15 22:46:34.263287,69
2025-07-15 22:46:35.291931,69
2025-07-15 22:46:35.293586,69
2025-07-15 22:46:36.323599,58
2025-07-15 22:46:36.325148,58
2025-07-15 22:46:37.354396,64
2025-07-15 22:46:37.356159,64
2025-07-15 22:46:38.385825,68
2025-07-15 22:46:38.387501,68
2025-07-15 22:46:39.416963,67
2025-07-15 22:46:39.418560,67
2025-07-15 22:46:40.448495,68
2025-07-15 22:46:40.450549,68
2025-07-15 22:46:41.480067,51
2025-07-15 22:46:41.482200,51
2025-07-15 22:46:42.511130,67
2025-07-15 22:46:42.513103,67
2025-07-15 22:46:43.542349,69
2025-07-15 22:46:43.544269,69
2025-07-15 22:46:44.573964,71
2025-07-15 22:46:44.576080,71
2025-07-15 22:46:45.605075,70
2025-07-15 22:46:45.607170,70
2025-07-15 22:46:46.636236,68
2025-07-15 22:46:46.638169,68
2025-07-15 22:46:47.670329,66
2025-07-15 22:46:47.671820,66
2025-07-15 22:46:48.698983,89
2025-07-15 22:46:48.701136,89
2025-07-15 22:46:49.730069,90
2025-07-15 22:46:49.732175,90
2025-07-15 22:46:50.761690,90
2025-07-15 22:46:50.763931,90
2025-07-15 22:46:51.792914,91
2025-07-15 22:46:51.794722,91
2025-07-15 22:46:52.824135,91
2025-07-15 22:46:52.826121,91
2025-07-15 22:46:53.855182,92
2025-07-15 22:46:53.857054,92
2025-07-15 22:46:54.887037,91
2025-07-15 22:46:54.889229,91
2025-07-15 22:46:55.917986,91
2025-07-15 22:46:55.920444,91
2025-07-15 22:46:56.949351,90
2025-07-15 22:46:56.951810,90
2025-07-15 22:46:57.980843,90
2025-07-15 22:46:57.983100,90
2025-07-15 22:46:59.011918,89
2025-07-15 22:46:59.014214,89
2025-07-15 22:47:00.043082,89
2025-07-15 22:47:00.045109,89
2025-07-15 22:47:01.074385,89
2025-07-15 22:47:01.076580,89
2025-07-15 22:47:02.105423,89
2025-07-15 22:47:02.107603,89
2025-07-15 22:47:03.137138,90
2025-07-15 22:47:03.139247,90
2025-07-15 22:47:04.168036,90
2025-07-15 22:47:04.169998,90
2025-07-15 22:47:05.199232,91
2025-07-15 22:47:05.202173,91
2025-07-15 22:47:06.231275,91
2025-07-15 22:47:06.234072,91
2025-07-15 22:47:07.261998,92
2025-07-15 22:47:07.265220,92
2025-07-15 22:47:08.293530,92
2025-07-15 22:47:08.295720,92
2025-07-15 22:47:09.324679,92
2025-07-15 22:47:09.326717,92
2025-07-15 22:47:10.356374,92
2025-07-15 22:47:10.359241,92
2025-07-15 22:47:11.387245,92
2025-07-15 22:47:11.389801,92
2025-07-15 22:47:12.418869,92
2025-07-15 22:47:12.421071,92
2025-07-15 22:47:13.449775,92
2025-07-15 22:47:13.452242,92
2025-07-15 22:47:14.480856,93
2025-07-15 22:47:14.483345,93
2025-07-15 22:47:15.512298,93
2025-07-15 22:47:15.514783,93
2025-07-15 22:47:16.543823,93
2025-07-15 22:47:16.546255,93
2025-07-15 22:47:17.575301,93
2025-07-15 22:47:17.577763,93
2025-07-15 22:47:18.606095,93
2025-07-15 22:47:18.608167,93
2025-07-15 22:47:19.637714,93
2025-07-15 22:47:19.640334,93
2025-07-15 22:47:20.668595,92
2025-07-15 22:47:20.670960,92
2025-07-15 22:47:21.699910,92
2025-07-15 22:47:21.702068,92
2025-07-15 22:47:22.731284,92
2025-07-15 22:47:22.733337,92
2025-07-15 22:47:23.762435,92
2025-07-15 22:47:23.764785,92
2025-07-15 22:47:24.794052,93
2025-07-15 22:47:24.796333,93
2025-07-15 22:47:25.824935,92
2025-07-15 22:47:25.827345,92
2025-07-15 22:47:26.856253,93
2025-07-15 22:47:26.858591,93
2025-07-15 22:47:27.887369,92
2025-07-15 22:47:27.889498,92
2025-07-15 22:47:28.919610,92
2025-07-15 22:47:28.921520,92
2025-07-15 22:47:29.950273,92
2025-07-15 22:47:29.952437,92
2025-07-15 22:47:30.981428,92
2025-07-15 22:47:30.984166,92
2025-07-15 22:47:32.012748,92
2025-07-15 22:47:32.015289,92
2025-07-15 22:47:33.044434,92
2025-07-15 22:47:33.047254,92
2025-07-15 22:47:34.075345,92
2025-07-15 22:47:34.077604,92
2025-07-15 22:47:35.106592,93
2025-07-15 22:47:35.109033,93
2025-07-15 22:47:36.137642,92
2025-07-15 22:47:36.139637,92
2025-07-15 22:47:37.169413,93
2025-07-15 22:47:37.171575,93
2025-07-15 22:47:38.200527,92
2025-07-15 22:47:38.202683,92
2025-07-15 22:47:39.231492,92
2025-07-15 22:47:39.233888,92
2025-07-15 22:47:40.262636,92
2025-07-15 22:47:40.265000,92
2025-07-15 22:47:41.294224,92
2025-07-15 22:47:41.296555,92
2025-07-15 22:47:42.325127,92
2025-07-15 22:47:42.327665,92
2025-07-15 22:47:43.356574,91
2025-07-15 22:47:43.358734,91
2025-07-15 22:47:44.387924,90
2025-07-15 22:47:44.389916,90
2025-07-15 22:47:45.419631,90
2025-07-15 22:47:45.422386,90
2025-07-15 22:47:46.450535,90
2025-07-15 22:47:46.452761,90
2025-07-15 22:47:47.481843,90
2025-07-15 22:47:47.484640,90
2025-07-15 22:47:48.512925,90
2025-07-15 22:47:48.515364,90
2025-07-15 22:47:49.544403,89
2025-07-15 22:47:49.546948,89
2025-07-15 22:47:50.577532,90
2025-07-15 22:47:50.580116,90
2025-07-15 22:47:51.606962,90
2025-07-15 22:47:51.609499,90
2025-07-15 22:47:52.638587,90
2025-07-15 22:47:52.640859,90
2025-07-15 22:47:53.669422,91
2025-07-15 22:47:53.671537,91
2025-07-15 22:47:54.700772,92
2025-07-15 22:47:54.702633,92
2025-07-15 22:47:55.731831,93
2025-07-15 22:47:55.733724,93
2025-07-15 22:47:56.763324,94
2025-07-15 22:47:56.765628,94
2025-07-15 22:47:57.794809,95
2025-07-15 22:47:57.796632,95
2025-07-15 22:47:58.826049,95
2025-07-15 22:47:58.828167,95
2025-07-15 22:47:59.857122,95
2025-07-15 22:47:59.859074,95
2025-07-15 22:48:00.888966,95
2025-07-15 22:48:00.891422,95
2025-07-15 22:48:01.919676,94
2025-07-15 22:48:01.921532,94
2025-07-15 22:48:02.950746,93
2025-07-15 22:48:02.953076,93
2025-07-15 22:48:03.982262,93
2025-07-15 22:48:03.984435,93
2025-07-15 22:48:05.013538,92
2025-07-15 22:48:05.015636,92
2025-07-15 22:48:06.045488,92
2025-07-15 22:48:06.047663,92
2025-07-15 22:48:07.075828,92
2025-07-15 22:48:07.078175,92
2025-07-15 22:48:08.107440,92
2025-07-15 22:48:08.109892,92
2025-07-15 22:48:09.141044,93
2025-07-15 22:48:09.142810,93
2025-07-15 22:48:10.170260,93
2025-07-15 22:48:10.172103,93
2025-07-15 22:48:11.201106,93
2025-07-15 22:48:11.202921,93
2025-07-15 22:48:12.232441,94
2025-07-15 22:48:12.234221,94
2025-07-15 22:48:13.263639,94
2025-07-15 22:48:13.265472,94
2025-07-15 22:48:14.295181,93
2025-07-15 22:48:14.297184,93
2025-07-15 22:48:15.326326,93
2025-07-15 22:48:15.328345,93
2025-07-15 22:48:16.357758,92
2025-07-15 22:48:16.359746,92
2025-07-15 22:48:17.388696,92
2025-07-15 22:48:17.390589,92
2025-07-15 22:48:18.420322,91
2025-07-15 22:48:18.422261,91
2025-07-15 22:48:19.451172,90
2025-07-15 22:48:19.452995,90
2025-07-15 22:48:20.482683,90
2025-07-15 22:48:20.484854,90
2025-07-15 22:48:21.513727,89
2025-07-15 22:48:21.515403,89
2025-07-15 22:48:22.545204,89
2025-07-15 22:48:22.547446,89
2025-07-15 22:48:23.576460,89
2025-07-15 22:48:23.578185,89
2025-07-15 22:48:24.607622,89
2025-07-15 22:48:24.609533,89
2025-07-15 22:48:25.639080,89
2025-07-15 22:48:25.641147,89
2025-07-15 22:48:26.670088,89
2025-07-15 22:48:26.671926,89
2025-07-15 22:48:27.701314,90
2025-07-15 22:48:27.703222,90
2025-07-15 22:48:28.733102,90
2025-07-15 22:48:28.734757,90
2025-07-15 22:48:29.764230,91
2025-07-15 22:48:29.766087,91
2025-07-15 22:48:30.795508,91
2025-07-15 22:48:30.797494,91
2025-07-15 22:48:31.826862,92
2025-07-15 22:48:31.828699,92
2025-07-15 22:48:32.857818,92
2025-07-15 22:48:32.859935,92
2025-07-15 22:48:33.888981,93
2025-07-15 22:48:33.890989,93
2025-07-15 22:48:34.920389,93
2025-07-15 22:48:34.922250,93
2025-07-15 22:48:35.951684,93
2025-07-15 22:48:35.953518,93
2025-07-15 22:48:36.983292,91
2025-07-15 22:48:36.985267,91
2025-07-15 22:48:38.014256,91
2025-07-15 22:48:38.016103,91
2025-07-15 22:48:39.045451,90
2025-07-15 22:48:39.047536,90
2025-07-15 22:48:40.076880,89
2025-07-15 22:48:40.079005,89
2025-07-15 22:48:41.126674,89
2025-07-15 22:48:41.128771,89
2025-07-15 22:48:42.158012,89
2025-07-15 22:48:42.159903,89
2025-07-15 22:48:43.189232,89
2025-07-15 22:48:43.191136,89
2025-07-15 22:48:44.220520,89
2025-07-15 22:48:44.222368,89
2025-07-15 22:48:45.251912,90
2025-07-15 22:48:45.254065,90
2025-07-15 22:48:46.285765,92
2025-07-15 22:48:46.287488,92
2025-07-15 22:48:47.314398,93
2025-07-15 22:48:47.316377,93
2025-07-15 22:48:48.346211,93
2025-07-15 22:48:48.348267,93
2025-07-15 22:48:49.377109,93
2025-07-15 22:48:49.379004,93
2025-07-15 22:48:50.408402,92
2025-07-15 22:48:50.410435,92
2025-07-15 22:48:51.439840,92
2025-07-15 22:48:51.441824,92
2025-07-15 22:48:52.470707,91
2025-07-15 22:48:52.472677,91
2025-07-15 22:48:53.502403,90
2025-07-15 22:48:53.504231,90
2025-07-15 22:48:54.533362,89
2025-07-15 22:48:54.535346,89
2025-07-15 22:48:55.564728,88
2025-07-15 22:48:55.566912,88
2025-07-15 22:48:56.596045,88
2025-07-15 22:48:56.597985,88
2025-07-15 22:48:57.627472,88
2025-07-15 22:48:57.629378,88
2025-07-15 22:48:58.658436,88
2025-07-15 22:48:58.660376,88
2025-07-15 22:48:59.689626,89
2025-07-15 22:48:59.691554,89
2025-07-15 22:49:00.720972,89
2025-07-15 22:49:00.723216,89
2025-07-15 22:49:01.752293,89
2025-07-15 22:49:01.754571,89
2025-07-15 22:49:02.783533,90
2025-07-15 22:49:02.785405,90
2025-07-15 22:49:03.815220,90
2025-07-15 22:49:03.816913,90
2025-07-15 22:49:04.846408,89
2025-07-15 22:49:04.848238,89
2025-07-15 22:49:05.877632,89
2025-07-15 22:49:05.879665,89
2025-07-15 22:49:06.908747,89
2025-07-15 22:49:06.910603,89
2025-07-15 22:49:07.958769,89
2025-07-15 22:49:07.961217,89
2025-07-15 22:49:08.989954,89
2025-07-15 22:49:08.991763,89
2025-07-15 22:49:10.021499,90
2025-07-15 22:49:10.023598,90
2025-07-15 22:49:11.052665,90
2025-07-15 22:49:11.054513,90
2025-07-15 22:49:12.083895,91
2025-07-15 22:49:12.085959,91
2025-07-15 22:49:13.115293,91
2025-07-15 22:49:13.117399,91
2025-07-15 22:49:14.146518,91
2025-07-15 22:49:14.148345,91
2025-07-15 22:49:15.177997,91
2025-07-15 22:49:15.179975,91
2025-07-15 22:49:16.209122,91
2025-07-15 22:49:16.211219,91
2025-07-15 22:49:17.240128,91
2025-07-15 22:49:17.242366,91
2025-07-15 22:49:18.271892,91
2025-07-15 22:49:18.273936,91
2025-07-15 22:49:19.303003,92
2025-07-15 22:49:19.305103,92
2025-07-15 22:49:20.334162,92
2025-07-15 22:49:20.336282,92
2025-07-15 22:49:21.365335,92
2025-07-15 22:49:21.367082,92
2025-07-15 22:49:22.396921,91
2025-07-15 22:49:22.398882,91
2025-07-15 22:49:23.428302,91
2025-07-15 22:49:23.430447,91
2025-07-15 22:49:24.459129,91
2025-07-15 22:49:24.461014,91
2025-07-15 22:49:25.490511,91
2025-07-15 22:49:25.492480,91
2025-07-15 22:49:26.522164,91
2025-07-15 22:49:26.524218,91
2025-07-15 22:49:27.553306,91
2025-07-15 22:49:27.555439,91
2025-07-15 22:49:28.603393,90
2025-07-15 22:49:28.605662,90
2025-07-15 22:49:29.634410,91
2025-07-15 22:49:29.636295,91
2025-07-15 22:49:30.665566,92
2025-07-15 22:49:30.667548,92
2025-07-15 22:49:31.696915,93
2025-07-15 22:49:31.698775,93
2025-07-15 22:49:32.728103,93
2025-07-15 22:49:32.730226,93
2025-07-15 22:49:33.759611,93
2025-07-15 22:49:33.761830,93
2025-07-15 22:49:34.791221,94
2025-07-15 22:49:34.792951,94
2025-07-15 22:49:35.821709,94
2025-07-15 22:49:35.823478,94
2025-07-15 22:49:36.873978,94
2025-07-15 22:49:36.875431,94
2025-07-15 22:49:37.903040,95
2025-07-15 22:49:37.904817,95
2025-07-15 22:49:38.934478,95
2025-07-15 22:49:38.936233,95
2025-07-15 22:49:39.966541,95
2025-07-15 22:49:39.968273,95
2025-07-15 22:49:40.997178,95
2025-07-15 22:49:40.999252,95
2025-07-15 22:49:42.028644,94
2025-07-15 22:49:42.030473,94
2025-07-15 22:49:43.060196,94
2025-07-15 22:49:43.062201,94
2025-07-15 22:49:44.091181,94
2025-07-15 22:49:44.093484,94
2025-07-15 22:49:45.122342,93
2025-07-15 22:49:45.124513,93
2025-07-15 22:49:46.172411,93
2025-07-15 22:49:46.174379,93
2025-07-15 22:49:47.203795,92
2025-07-15 22:49:47.205784,92
2025-07-15 22:49:48.235087,93
2025-07-15 22:49:48.236982,93
2025-07-15 22:49:49.268706,93
2025-07-15 22:49:49.270210,93
2025-07-15 22:49:50.297477,94
2025-07-15 22:49:50.299807,94
2025-07-15 22:49:51.328724,94
2025-07-15 22:49:51.330602,94
2025-07-15 22:49:52.360119,94
2025-07-15 22:49:52.362199,94
2025-07-15 22:49:53.391117,93
2025-07-15 22:49:53.393077,93
2025-07-15 22:49:54.422635,92
2025-07-15 22:49:54.424669,92
2025-07-15 22:49:55.472715,92
2025-07-15 22:49:55.474659,92
2025-07-15 22:49:56.504189,91
2025-07-15 22:49:56.506418,91
2025-07-15 22:49:57.535094,90
2025-07-15 22:49:57.536934,90
2025-07-15 22:49:58.566384,90
2025-07-15 22:49:58.568298,90
2025-07-15 22:49:59.597672,89
2025-07-15 22:49:59.599653,89
2025-07-15 22:50:00.686179,89
2025-07-15 22:50:00.688532,89
2025-07-15 22:50:01.716687,89
2025-07-15 22:50:01.719028,89
2025-07-15 22:50:02.747734,89
2025-07-15 22:50:02.749828,89
2025-07-15 22:50:03.779066,90
2025-07-15 22:50:03.780974,90
2025-07-15 22:50:04.810444,90
2025-07-15 22:50:04.812349,90
2025-07-15 22:50:05.841621,91
2025-07-15 22:50:05.843940,91
2025-07-15 22:50:06.928690,90
2025-07-15 22:50:06.931553,90
2025-07-15 22:50:07.923074,90
2025-07-15 22:50:07.925090,90
2025-07-15 22:50:08.954111,89
2025-07-15 22:50:08.956246,89
2025-07-15 22:50:09.985989,90
2025-07-15 22:50:09.987754,90
2025-07-15 22:50:11.016765,89
2025-07-15 22:50:11.019180,89
2025-07-15 22:50:12.048132,89
2025-07-15 22:50:12.049929,89
2025-07-15 22:50:13.079481,89
2025-07-15 22:50:13.081504,89
2025-07-15 22:50:14.110686,89
2025-07-15 22:50:14.112842,89
2025-07-15 22:50:15.141862,89
2025-07-15 22:50:15.143780,89
2025-07-15 22:50:16.173426,89
2025-07-15 22:50:16.175379,89
2025-07-15 22:50:17.204746,89
2025-07-15 22:50:17.206663,89
2025-07-15 22:50:18.235641,89
2025-07-15 22:50:18.237606,89
2025-07-15 22:50:19.266872,89
2025-07-15 22:50:19.268916,89
2025-07-15 22:50:20.298545,89
2025-07-15 22:50:20.300277,89
2025-07-15 22:50:21.329641,89
2025-07-15 22:50:21.331517,89
2025-07-15 22:50:22.379016,89
2025-07-15 22:50:22.380983,89
2025-07-15 22:50:23.392284,89
2025-07-15 22:50:23.394056,89
2025-07-15 22:50:24.423297,89
2025-07-15 22:50:24.425101,89
2025-07-15 22:50:25.454612,89
2025-07-15 22:50:25.456359,89
2025-07-15 22:50:26.485873,89
2025-07-15 22:50:26.487846,89
2025-07-15 22:50:27.517220,89
2025-07-15 22:50:27.519326,89
2025-07-15 22:50:28.548586,90
2025-07-15 22:50:28.550623,90
2025-07-15 22:50:29.579682,90
2025-07-15 22:50:29.582241,90
2025-07-15 22:50:30.611232,92
2025-07-15 22:50:30.613441,92
2025-07-15 22:50:31.642395,92
2025-07-15 22:50:31.644785,92
2025-07-15 22:50:32.673560,93
2025-07-15 22:50:32.675573,93
2025-07-15 22:50:33.704789,93
2025-07-15 22:50:33.706807,93
2025-07-15 22:50:34.736305,94
2025-07-15 22:50:34.738068,94
2025-07-15 22:50:35.767273,93
2025-07-15 22:50:35.769272,93
2025-07-15 22:50:36.798913,92
2025-07-15 22:50:36.800834,92
2025-07-15 22:50:37.829993,91
2025-07-15 22:50:37.831989,91
2025-07-15 22:50:38.861814,89
2025-07-15 22:50:38.864098,89
2025-07-15 22:50:39.892413,90
2025-07-15 22:50:39.894297,90
2025-07-15 22:50:40.924469,91
2025-07-15 22:50:40.926262,91
2025-07-15 22:50:41.955236,92
2025-07-15 22:50:41.957215,92
2025-07-15 22:50:42.986561,91
2025-07-15 22:50:42.988448,91
2025-07-15 22:50:44.017687,91
2025-07-15 22:50:44.019803,91
2025-07-15 22:50:45.048920,93
2025-07-15 22:50:45.050736,93
2025-07-15 22:50:46.081027,94
2025-07-15 22:50:46.083311,94
2025-07-15 22:50:47.111448,95
2025-07-15 22:50:47.113242,95
2025-07-15 22:50:48.142642,98
2025-07-15 22:50:48.144694,98
2025-07-15 22:50:49.174213,100
2025-07-15 22:50:49.176000,100
2025-07-15 22:50:50.205357,96
2025-07-15 22:50:50.207689,96
2025-07-15 22:50:51.236430,96
2025-07-15 22:50:51.238843,96
2025-07-15 22:50:52.286490,97
2025-07-15 22:50:52.288270,97
2025-07-15 22:50:53.299678,97
2025-07-15 22:50:53.301681,97
2025-07-15 22:50:54.330317,97
2025-07-15 22:50:54.332215,97
2025-07-15 22:50:55.361702,97
2025-07-15 22:50:55.363957,97
2025-07-15 22:50:56.393127,96
2025-07-15 22:50:56.395223,96
2025-07-15 22:50:57.424358,96
2025-07-15 22:50:57.426204,96
2025-07-15 22:50:58.455498,95
2025-07-15 22:50:58.457350,95
2025-07-15 22:50:59.486438,95
2025-07-15 22:50:59.488083,95
2025-07-15 22:51:00.517652,95
2025-07-15 22:51:00.519266,95
2025-07-15 22:51:01.548973,96
2025-07-15 22:51:01.550588,96
2025-07-15 22:51:02.582182,96
2025-07-15 22:51:02.583474,96
2025-07-15 22:51:03.611841,97
2025-07-15 22:51:03.613628,97
2025-07-15 22:51:04.643152,98
2025-07-15 22:51:04.644889,98
2025-07-15 22:51:05.674396,99
2025-07-15 22:51:05.675884,99
2025-07-15 22:51:06.705318,101
2025-07-15 22:51:06.706992,101
2025-07-15 22:51:07.736824,101
2025-07-15 22:51:07.738308,101
2025-07-15 22:51:08.768085,101
2025-07-15 22:51:08.769797,101
2025-07-15 22:51:09.799810,101
2025-07-15 22:51:09.801834,101
2025-07-15 22:51:10.831139,101
2025-07-15 22:51:10.833034,101
2025-07-15 22:51:11.862344,101
2025-07-15 22:51:11.864216,101
2025-07-15 22:51:12.893275,101
2025-07-15 22:51:12.895204,101
2025-07-15 22:51:13.924555,101
2025-07-15 22:51:13.926331,101
2025-07-15 22:51:14.955934,102
2025-07-15 22:51:14.957714,102
2025-07-15 22:51:15.987314,101
2025-07-15 22:51:15.989152,101
2025-07-15 22:51:17.018550,101
2025-07-15 22:51:17.020717,101
2025-07-15 22:51:18.049780,101
2025-07-15 22:51:18.051513,101
2025-07-15 22:51:19.081143,101
2025-07-15 22:51:19.083019,101
2025-07-15 22:51:20.112561,101
2025-07-15 22:51:20.114444,101
2025-07-15 22:51:21.143714,100
2025-07-15 22:51:21.145588,100
2025-07-15 22:51:22.174783,100
2025-07-15 22:51:22.176527,100
2025-07-15 22:51:23.206255,99
2025-07-15 22:51:23.208055,99
2025-07-15 22:51:24.237718,100
2025-07-15 22:51:24.239644,100
2025-07-15 22:51:25.269050,101
2025-07-15 22:51:25.270849,101
2025-07-15 22:51:26.300235,101
2025-07-15 22:51:26.302019,101
2025-07-15 22:51:27.331317,102
2025-07-15 22:51:27.333067,102
2025-07-15 22:51:28.362585,102
2025-07-15 22:51:28.364755,102
2025-07-15 22:51:29.394505,102
2025-07-15 22:51:29.396377,102
2025-07-15 22:51:30.425397,103
2025-07-15 22:51:30.427287,103
2025-07-15 22:51:31.456660,103
2025-07-15 22:51:31.458841,103
2025-07-15 22:51:32.487764,105
2025-07-15 22:51:32.489848,105
2025-07-15 22:51:33.519097,104
2025-07-15 22:51:33.521895,104
2025-07-15 22:51:34.550100,103
2025-07-15 22:51:34.552046,103
2025-07-15 22:51:35.581344,103
2025-07-15 22:51:35.583244,103
2025-07-15 22:51:36.612909,103
2025-07-15 22:51:36.614799,103
2025-07-15 22:51:37.644148,102
2025-07-15 22:51:37.646130,102
2025-07-15 22:51:38.675707,102
2025-07-15 22:51:38.677828,102
2025-07-15 22:51:39.707182,102
2025-07-15 22:51:39.709036,102
2025-07-15 22:51:40.737759,101
2025-07-15 22:51:40.739680,101
2025-07-15 22:51:41.769614,101
2025-07-15 22:51:41.771514,101
2025-07-15 22:51:42.800523,99
2025-07-15 22:51:42.802595,99
2025-07-15 22:51:43.831952,100
2025-07-15 22:51:43.834147,100
2025-07-15 22:51:44.863116,95
2025-07-15 22:51:44.865576,95
2025-07-15 22:51:45.894569,93
2025-07-15 22:51:45.896734,93
2025-07-15 22:51:46.925434,93
2025-07-15 22:51:46.927177,93
2025-07-15 22:51:47.956812,89
2025-07-15 22:51:47.958838,89
2025-07-15 22:51:48.987945,90
2025-07-15 22:51:48.990484,90
2025-07-15 22:51:50.019459,91
2025-07-15 22:51:50.021568,91
2025-07-15 22:51:51.050739,90
2025-07-15 22:51:51.052954,90
2025-07-15 22:51:52.082091,86
2025-07-15 22:51:52.083996,86
2025-07-15 22:51:53.113541,86
2025-07-15 22:51:53.115778,86
2025-07-15 22:51:54.144613,91
2025-07-15 22:51:54.146981,91
2025-07-15 22:51:55.175884,93
2025-07-15 22:51:55.177922,93
2025-07-15 22:51:56.206869,98
2025-07-15 22:51:56.208813,98
2025-07-15 22:51:57.238207,98
2025-07-15 22:51:57.240501,98
2025-07-15 22:51:58.270046,98
2025-07-15 22:51:58.272654,98
2025-07-15 22:51:59.303619,98
2025-07-15 22:51:59.305385,98
2025-07-15 22:52:00.332389,103
2025-07-15 22:52:00.334292,103
2025-07-15 22:52:01.363413,96
2025-07-15 22:52:01.365358,96
2025-07-15 22:52:02.394580,94
2025-07-15 22:52:02.396424,94
2025-07-15 22:52:03.426074,87
2025-07-15 22:52:03.428279,87
2025-07-15 22:52:04.457183,81
2025-07-15 22:52:04.459392,81
2025-07-15 22:52:05.488440,82
2025-07-15 22:52:05.490277,82
2025-07-15 22:52:06.519658,80
2025-07-15 22:52:06.521534,80
2025-07-15 22:52:07.551397,80
2025-07-15 22:52:07.553332,80
2025-07-15 22:52:08.582291,82
2025-07-15 22:52:08.584153,82
2025-07-15 22:52:09.613910,82
2025-07-15 22:52:09.616238,82
2025-07-15 22:52:10.645111,87
2025-07-15 22:52:10.647014,87
2025-07-15 22:52:11.676100,89
2025-07-15 22:52:11.677766,89
2025-07-15 22:52:12.707385,95
2025-07-15 22:52:12.709262,95
2025-07-15 22:52:13.738876,100
2025-07-15 22:52:13.741077,100
2025-07-15 22:52:14.769874,99
2025-07-15 22:52:14.772089,99
2025-07-15 22:52:15.801083,97
2025-07-15 22:52:15.803192,97
2025-07-15 22:52:16.832420,96
2025-07-15 22:52:16.834803,96
2025-07-15 22:52:17.863696,96
2025-07-15 22:52:17.865811,96
2025-07-15 22:52:18.895125,96
2025-07-15 22:52:18.897130,96
2025-07-15 22:52:19.926452,96
2025-07-15 22:52:19.928290,96
2025-07-15 22:52:20.957770,98
2025-07-15 22:52:20.959861,98
2025-07-15 22:52:21.989290,98
2025-07-15 22:52:21.991137,98
2025-07-15 22:52:23.020433,84
2025-07-15 22:52:23.022272,84
2025-07-15 22:52:24.051665,83
2025-07-15 22:52:24.053512,83
2025-07-15 22:52:25.082661,84
2025-07-15 22:52:25.085237,84
2025-07-15 22:52:26.114370,83
2025-07-15 22:52:26.116370,83
2025-07-15 22:52:27.145386,83
2025-07-15 22:52:27.147519,83
2025-07-15 22:52:28.176945,83
2025-07-15 22:52:28.178774,83
2025-07-15 22:52:29.207921,83
2025-07-15 22:52:29.209738,83
2025-07-15 22:52:30.239396,96
2025-07-15 22:52:30.241477,96
2025-07-15 22:52:31.270619,96
2025-07-15 22:52:31.272947,96
2025-07-15 22:52:32.301620,95
2025-07-15 22:52:32.303535,95
2025-07-15 22:52:33.333062,96
2025-07-15 22:52:33.334897,96
2025-07-15 22:52:34.364807,100
2025-07-15 22:52:34.366819,100
2025-07-15 22:52:35.396000,98
2025-07-15 22:52:35.397936,98
2025-07-15 22:52:36.426812,98
2025-07-15 22:52:36.428583,98
2025-07-15 22:52:37.458058,98
2025-07-15 22:52:37.460076,98
2025-07-15 22:52:38.489969,98
2025-07-15 22:52:38.492201,98
2025-07-15 22:52:39.521185,98
2025-07-15 22:52:39.522976,98
2025-07-15 22:52:40.552113,97
2025-07-15 22:52:40.553906,97
2025-07-15 22:52:41.583729,101
2025-07-15 22:52:41.585522,101
2025-07-15 22:52:42.614799,97
2025-07-15 22:52:42.616626,97
2025-07-15 22:52:43.645817,96
2025-07-15 22:52:43.648094,96
2025-07-15 22:52:44.676886,96
2025-07-15 22:52:44.678879,96
2025-07-15 22:52:45.708572,96
2025-07-15 22:52:45.711256,96
2025-07-15 22:52:46.739609,96
2025-07-15 22:52:46.741915,96
2025-07-15 22:52:47.770990,96
2025-07-15 22:52:47.773600,96
2025-07-15 22:52:48.804883,96
2025-07-15 22:52:48.806395,96
2025-07-15 22:52:49.833285,96
2025-07-15 22:52:49.835561,96
2025-07-15 22:52:50.864763,96
2025-07-15 22:52:50.867049,96
2025-07-15 22:52:51.896263,94
2025-07-15 22:52:51.898107,94
2025-07-15 22:52:52.927986,95
2025-07-15 22:52:52.929768,95
2025-07-15 22:52:53.958797,94
2025-07-15 22:52:53.960680,94
2025-07-15 22:52:54.989794,94
2025-07-15 22:52:54.991672,94
2025-07-15 22:52:56.021356,94
2025-07-15 22:52:56.023991,94
2025-07-15 22:52:57.052618,94
2025-07-15 22:52:57.054382,94
2025-07-15 22:52:58.083670,95
2025-07-15 22:52:58.085501,95
2025-07-15 22:52:59.115454,96
2025-07-15 22:52:59.117264,96
2025-07-15 22:53:00.146303,93
2025-07-15 22:53:00.148134,93
2025-07-15 22:53:01.177715,95
2025-07-15 22:53:01.179722,95
2025-07-15 22:53:02.209317,95
2025-07-15 22:53:02.211193,95
2025-07-15 22:53:03.240261,96
2025-07-15 22:53:03.242324,96
2025-07-15 22:53:04.271409,96
2025-07-15 22:53:04.273232,96
2025-07-15 22:53:05.303146,96
2025-07-15 22:53:05.304974,96
2025-07-15 22:53:06.333846,95
2025-07-15 22:53:06.335884,95
2025-07-15 22:53:07.365587,94
2025-07-15 22:53:07.367629,94
2025-07-15 22:53:08.396702,94
2025-07-15 22:53:08.398976,94
2025-07-15 22:53:09.427600,95
2025-07-15 22:53:09.429449,95
2025-07-15 22:53:10.459172,97
2025-07-15 22:53:10.461327,97
2025-07-15 22:53:11.490188,95
2025-07-15 22:53:11.492200,95
2025-07-15 22:53:12.521396,95
2025-07-15 22:53:12.523387,95
2025-07-15 22:53:13.552644,95
2025-07-15 22:53:13.554539,95
2025-07-15 22:53:14.583975,94
2025-07-15 22:53:14.586391,94
2025-07-15 22:53:15.615313,94
2025-07-15 22:53:15.617221,94
2025-07-15 22:53:16.646893,94
2025-07-15 22:53:16.648743,94
2025-07-15 22:53:17.677858,94
2025-07-15 22:53:17.679727,94
2025-07-15 22:53:18.709150,94
2025-07-15 22:53:18.711038,94
2025-07-15 22:53:19.740341,94
2025-07-15 22:53:19.742377,94
2025-07-15 22:53:20.771653,93
2025-07-15 22:53:20.773508,93
2025-07-15 22:53:21.803210,93
2025-07-15 22:53:21.805239,93
2025-07-15 22:53:22.834358,93
2025-07-15 22:53:22.836614,93
2025-07-15 22:53:23.865766,93
2025-07-15 22:53:23.867580,93
2025-07-15 22:53:24.897058,93
2025-07-15 22:53:24.899279,93
2025-07-15 22:53:25.928076,94
2025-07-15 22:53:25.930529,94
2025-07-15 22:53:26.959539,94
2025-07-15 22:53:26.961653,94
2025-07-15 22:53:27.990617,95
2025-07-15 22:53:27.992540,95
2025-07-15 22:53:29.021844,95
2025-07-15 22:53:29.024138,95
2025-07-15 22:53:30.053206,94
2025-07-15 22:53:30.055144,94
2025-07-15 22:53:31.084397,93
2025-07-15 22:53:31.086294,93
2025-07-15 22:53:32.116004,93
2025-07-15 22:53:32.118245,93
2025-07-15 22:53:33.149528,92
2025-07-15 22:53:33.150967,92
2025-07-15 22:53:34.178887,93
2025-07-15 22:53:34.180783,93
2025-07-15 22:53:35.210241,92
2025-07-15 22:53:35.212158,92
2025-07-15 22:53:36.241048,93
2025-07-15 22:53:36.242787,93
2025-07-15 22:53:37.272186,92
2025-07-15 22:53:37.274021,92
2025-07-15 22:53:38.303488,93
2025-07-15 22:53:38.305313,93
2025-07-15 22:53:39.334559,94
2025-07-15 22:53:39.336391,94
2025-07-15 22:53:40.368534,95
2025-07-15 22:53:40.370179,95
2025-07-15 22:53:41.397518,95
2025-07-15 22:53:41.399297,95
2025-07-15 22:53:42.428550,95
2025-07-15 22:53:42.430458,95
2025-07-15 22:53:43.460113,95
2025-07-15 22:53:43.461867,95
2025-07-15 22:53:44.491681,95
2025-07-15 22:53:44.493527,95
2025-07-15 22:53:45.525005,94
2025-07-15 22:53:45.526459,94
2025-07-15 22:53:46.553674,95
2025-07-15 22:53:46.555628,95
2025-07-15 22:53:47.585174,94
2025-07-15 22:53:47.587143,94
2025-07-15 22:53:48.616382,94
2025-07-15 22:53:48.618660,94
2025-07-15 22:53:49.647935,95
2025-07-15 22:53:49.649994,95
2025-07-15 22:53:50.679037,95
2025-07-15 22:53:50.680817,95
2025-07-15 22:53:51.710165,94
2025-07-15 22:53:51.712289,94
2025-07-15 22:53:52.779103,94
2025-07-15 22:53:52.780942,94
2025-07-15 22:53:53.810673,93
2025-07-15 22:53:53.812806,93
2025-07-15 22:53:54.841378,94
2025-07-15 22:53:54.843221,94
2025-07-15 22:53:55.872555,94
2025-07-15 22:53:55.874382,94
2025-07-15 22:53:56.904224,94
2025-07-15 22:53:56.906226,94
2025-07-15 22:53:57.935390,95
2025-07-15 22:53:57.937448,95
2025-07-15 22:53:58.966485,95
2025-07-15 22:53:58.968325,95
2025-07-15 22:53:59.997794,96
2025-07-15 22:53:59.999773,96
2025-07-15 22:54:01.029031,97
2025-07-15 22:54:01.030787,97
2025-07-15 22:54:02.060435,99
2025-07-15 22:54:02.062614,99
2025-07-15 22:54:03.092025,99
2025-07-15 22:54:03.098559,99
2025-07-15 22:54:04.123250,96
2025-07-15 22:54:04.125024,96
2025-07-15 22:54:05.154026,96
2025-07-15 22:54:05.155938,96
2025-07-15 22:54:06.185291,96
2025-07-15 22:54:06.187312,96
2025-07-15 22:54:07.216845,95
2025-07-15 22:54:07.218759,95
2025-07-15 22:54:08.247924,96
2025-07-15 22:54:08.249783,96
2025-07-15 22:54:09.279154,96
2025-07-15 22:54:09.281081,96
2025-07-15 22:54:10.310696,96
2025-07-15 22:54:10.312479,96
2025-07-15 22:54:11.342410,97
2025-07-15 22:54:11.344185,97
2025-07-15 22:54:12.373218,95
2025-07-15 22:54:12.375486,95
2025-07-15 22:54:13.404225,98
2025-07-15 22:54:13.406175,98
2025-07-15 22:54:14.435715,98
2025-07-15 22:54:14.438011,98
2025-07-15 22:54:15.467109,98
2025-07-15 22:54:15.469236,98
2025-07-15 22:54:16.498140,99
2025-07-15 22:54:16.500308,99
2025-07-15 22:54:17.529488,102
2025-07-15 22:54:17.531229,102
2025-07-15 22:54:18.560930,102
2025-07-15 22:54:18.563057,102
2025-07-15 22:54:19.592150,102
2025-07-15 22:54:19.593962,102
2025-07-15 22:54:20.623435,101
2025-07-15 22:54:20.625609,101
2025-07-15 22:54:21.654575,101
2025-07-15 22:54:21.656457,101
2025-07-15 22:54:22.688292,101
2025-07-15 22:54:22.689680,101
2025-07-15 22:54:23.717041,101
2025-07-15 22:54:23.719399,101
2025-07-15 22:54:24.748579,102
2025-07-15 22:54:24.750358,102
2025-07-15 22:54:25.779765,101
2025-07-15 22:54:25.781565,101
2025-07-15 22:54:26.810890,101
2025-07-15 22:54:26.812845,101
2025-07-15 22:54:27.842563,94
2025-07-15 22:54:27.844726,94
2025-07-15 22:54:28.873636,94
2025-07-15 22:54:28.875823,94
2025-07-15 22:54:29.904784,94
2025-07-15 22:54:29.907094,94
2025-07-15 22:54:30.954376,94
2025-07-15 22:54:30.956309,94
2025-07-15 22:54:31.967508,94
2025-07-15 22:54:31.969336,94
2025-07-15 22:54:32.998579,94
2025-07-15 22:54:33.000860,94
2025-07-15 22:54:34.029886,93
2025-07-15 22:54:34.031769,93
2025-07-15 22:54:35.061254,97
2025-07-15 22:54:35.062915,97
2025-07-15 22:54:36.092607,96
2025-07-15 22:54:36.094850,96
2025-07-15 22:54:37.123831,96
2025-07-15 22:54:37.126037,96
2025-07-15 22:54:38.154937,97
2025-07-15 22:54:38.156986,97
2025-07-15 22:54:39.186230,99
2025-07-15 22:54:39.188214,99
2025-07-15 22:54:40.217726,97
2025-07-15 22:54:40.219765,97
2025-07-15 22:54:41.248687,97
2025-07-15 22:54:41.250637,97
2025-07-15 22:54:42.280052,98
2025-07-15 22:54:42.281942,98
2025-07-15 22:54:43.311349,98
2025-07-15 22:54:43.313226,98
2025-07-15 22:54:44.342605,99
2025-07-15 22:54:44.344461,99
2025-07-15 22:54:45.373968,99
2025-07-15 22:54:45.375832,99
2025-07-15 22:54:46.405322,98
2025-07-15 22:54:46.407499,98
2025-07-15 22:54:47.436671,100
2025-07-15 22:54:47.438525,100
2025-07-15 22:54:48.468382,97
2025-07-15 22:54:48.470552,97
2025-07-15 22:54:49.499292,98
2025-07-15 22:54:49.501187,98
2025-07-15 22:54:50.549490,98
2025-07-15 22:54:50.551806,98
2025-07-15 22:54:51.580262,96
2025-07-15 22:54:51.582425,96
2025-07-15 22:54:52.611534,97
2025-07-15 22:54:52.613831,97
2025-07-15 22:54:53.643521,97
2025-07-15 22:54:53.645565,97
2025-07-15 22:54:54.674575,96
2025-07-15 22:54:54.676376,96
2025-07-15 22:54:55.705369,97
2025-07-15 22:54:55.707269,97
2025-07-15 22:54:56.736767,97
2025-07-15 22:54:56.738580,97
2025-07-15 22:54:57.768087,97
2025-07-15 22:54:57.770136,97
2025-07-15 22:54:58.799269,98
2025-07-15 22:54:58.801701,98
2025-07-15 22:54:59.830598,98
2025-07-15 22:54:59.832531,98
2025-07-15 22:55:00.861743,98
2025-07-15 22:55:00.863611,98
2025-07-15 22:55:01.893323,96
2025-07-15 22:55:01.895320,96
2025-07-15 22:55:02.924578,97
2025-07-15 22:55:02.926504,97
2025-07-15 22:55:03.955654,97
2025-07-15 22:55:03.957770,97
2025-07-15 22:55:04.987422,93
2025-07-15 22:55:04.989654,93
2025-07-15 22:55:06.018321,93
2025-07-15 22:55:06.020572,93
2025-07-15 22:55:07.049397,93
2025-07-15 22:55:07.054895,93
2025-07-15 22:55:08.084156,93
2025-07-15 22:55:08.086016,93
2025-07-15 22:55:09.112329,93
2025-07-15 22:55:09.114427,93
2025-07-15 22:55:10.143402,93
2025-07-15 22:55:10.145633,93
2025-07-15 22:55:11.175082,94
2025-07-15 22:55:11.176889,94
2025-07-15 22:55:12.205913,94
2025-07-15 22:55:12.208020,94
2025-07-15 22:55:13.237095,97
2025-07-15 22:55:13.239053,97
2025-07-15 22:55:14.268364,96
2025-07-15 22:55:14.270244,96
2025-07-15 22:55:15.299816,97
2025-07-15 22:55:15.302044,97
2025-07-15 22:55:16.331505,96
2025-07-15 22:55:16.333535,96
2025-07-15 22:55:17.362880,96
2025-07-15 22:55:17.364724,96
2025-07-15 22:55:18.393586,96
2025-07-15 22:55:18.395462,96
2025-07-15 22:55:19.425244,96
2025-07-15 22:55:19.427420,96
2025-07-15 22:55:20.456535,95
2025-07-15 22:55:20.458647,95
2025-07-15 22:55:21.487336,95
2025-07-15 22:55:21.489623,95
2025-07-15 22:55:22.518658,96
2025-07-15 22:55:22.520536,96
2025-07-15 22:55:23.549842,97
2025-07-15 22:55:23.552203,97
2025-07-15 22:55:24.581266,95
2025-07-15 22:55:24.583449,95
2025-07-15 22:55:25.630875,98
2025-07-15 22:55:25.632803,98
2025-07-15 22:55:26.643715,95
2025-07-15 22:55:26.645487,95
2025-07-15 22:55:27.675048,94
2025-07-15 22:55:27.676943,94
2025-07-15 22:55:28.706177,93
2025-07-15 22:55:28.708177,93
2025-07-15 22:55:29.737868,93
2025-07-15 22:55:29.740044,93
2025-07-15 22:55:30.769051,93
2025-07-15 22:55:30.771162,93
2025-07-15 22:55:31.800279,93
2025-07-15 22:55:31.802421,93
2025-07-15 22:55:32.831661,93
2025-07-15 22:55:32.833508,93
2025-07-15 22:55:33.862603,94
2025-07-15 22:55:33.864822,94
2025-07-15 22:55:34.894235,92
2025-07-15 22:55:34.896085,92
2025-07-15 22:55:35.925605,95
2025-07-15 22:55:35.927879,95
2025-07-15 22:55:36.956931,95
2025-07-15 22:55:36.959005,95
2025-07-15 22:55:37.988072,95
2025-07-15 22:55:37.990056,95
2025-07-15 22:55:39.019076,97
2025-07-15 22:55:39.020946,97
2025-07-15 22:55:40.050407,93
2025-07-15 22:55:40.052480,93
2025-07-15 22:55:41.081748,93
2025-07-15 22:55:41.083626,93
2025-07-15 22:55:42.113168,93
2025-07-15 22:55:42.115197,93
2025-07-15 22:55:43.144220,93
2025-07-15 22:55:43.146042,93
2025-07-15 22:55:44.175598,93
2025-07-15 22:55:44.177627,93
2025-07-15 22:55:45.206921,94
2025-07-15 22:55:45.209075,94
2025-07-15 22:55:46.237956,93
2025-07-15 22:55:46.240072,93
2025-07-15 22:55:47.269432,94
2025-07-15 22:55:47.271610,94
2025-07-15 22:55:48.300921,92
2025-07-15 22:55:48.302662,92
2025-07-15 22:55:49.350505,95
2025-07-15 22:55:49.352496,95
2025-07-15 22:55:50.381882,93
2025-07-15 22:55:50.383780,93
2025-07-15 22:55:51.413137,92
2025-07-15 22:55:51.415102,92
2025-07-15 22:55:52.444558,93
2025-07-15 22:55:52.446652,93
2025-07-15 22:55:53.475659,92
2025-07-15 22:55:53.477535,92
2025-07-15 22:55:54.507093,92
2025-07-15 22:55:54.509074,92
2025-07-15 22:55:55.538217,93
2025-07-15 22:55:55.540076,93
2025-07-15 22:55:56.569571,93
2025-07-15 22:55:56.571409,93
2025-07-15 22:55:57.600891,93
2025-07-15 22:55:57.603456,93
2025-07-15 22:55:58.632081,94
2025-07-15 22:55:58.633915,94
2025-07-15 22:55:59.663386,96
2025-07-15 22:55:59.665226,96
2025-07-15 22:56:00.694600,97
2025-07-15 22:56:00.696438,97
2025-07-15 22:56:01.725804,96
2025-07-15 22:56:01.727629,96
2025-07-15 22:56:02.757259,98
2025-07-15 22:56:02.759419,98
2025-07-15 22:56:03.788562,97
2025-07-15 22:56:03.790686,97
2025-07-15 22:56:04.819730,96
2025-07-15 22:56:04.821759,96
2025-07-15 22:56:05.851164,96
2025-07-15 22:56:05.853214,96
2025-07-15 22:56:06.882619,96
2025-07-15 22:56:06.884532,96
2025-07-15 22:56:07.916394,96
2025-07-15 22:56:07.917927,96
2025-07-15 22:56:08.945277,96
2025-07-15 22:56:08.947306,96
2025-07-15 22:56:10.013692,96
2025-07-15 22:56:10.016009,96
2025-07-15 22:56:11.009916,96
2025-07-15 22:56:11.011530,96
2025-07-15 22:56:12.038853,96
2025-07-15 22:56:12.040933,96
2025-07-15 22:56:13.070191,97
2025-07-15 22:56:13.071972,97
2025-07-15 22:56:14.101132,97
2025-07-15 22:56:14.103093,97
2025-07-15 22:56:15.133401,98
2025-07-15 22:56:15.135179,98
2025-07-15 22:56:16.163766,98
2025-07-15 22:56:16.165477,98
2025-07-15 22:56:17.195157,98
2025-07-15 22:56:17.196975,98
2025-07-15 22:56:18.244698,98
2025-07-15 22:56:18.246946,98
2025-07-15 22:56:19.257572,97
2025-07-15 22:56:19.259801,97
2025-07-15 22:56:20.289107,97
2025-07-15 22:56:20.291183,97
2025-07-15 22:56:21.320196,97
2025-07-15 22:56:21.322039,97
2025-07-15 22:56:22.351432,98
2025-07-15 22:56:22.353416,98
2025-07-15 22:56:23.382880,93
2025-07-15 22:56:23.385160,93
2025-07-15 22:56:24.414493,92
2025-07-15 22:56:24.416782,92
2025-07-15 22:56:25.445667,82
2025-07-15 22:56:25.447481,82
2025-07-15 22:56:26.476641,82
2025-07-15 22:56:26.478648,82
2025-07-15 22:56:27.507953,79
2025-07-15 22:56:27.509925,79
2025-07-15 22:56:28.539213,79
2025-07-15 22:56:28.540983,79
2025-07-15 22:56:29.570351,75
2025-07-15 22:56:29.572241,75
2025-07-15 22:56:30.602388,50
2025-07-15 22:56:30.604604,50
2025-07-15 22:56:31.632989,48
2025-07-15 22:56:31.635270,48
2025-07-15 22:56:32.664156,47
2025-07-15 22:56:32.666357,47
2025-07-15 22:56:33.695643,48
2025-07-15 22:56:33.697504,48
2025-07-15 22:56:34.726814,45
2025-07-15 22:56:34.729218,45
2025-07-15 22:56:35.757973,45
2025-07-15 22:56:35.759910,45
2025-07-15 22:56:36.789385,98
2025-07-15 22:56:36.796014,98
2025-07-15 22:56:37.858080,98
2025-07-15 22:56:37.860055,98
2025-07-15 22:56:38.889312,98
2025-07-15 22:56:38.891156,98
2025-07-15 22:56:39.920622,98
2025-07-15 22:56:39.922574,98
2025-07-15 22:56:40.951865,98
2025-07-15 22:56:40.953827,98
2025-07-15 22:56:41.983172,98
2025-07-15 22:56:41.985062,98
2025-07-15 22:56:43.015036,98
2025-07-15 22:56:43.016869,98
2025-07-15 22:56:44.046351,98
2025-07-15 22:56:44.048105,98
2025-07-15 22:56:45.077405,98
2025-07-15 22:56:45.079750,98
2025-07-15 22:56:46.110870,98
2025-07-15 22:56:46.112705,98
2025-07-15 22:56:47.139739,98
2025-07-15 22:56:47.141659,98
2025-07-15 22:56:48.171135,98
2025-07-15 22:56:48.173062,98
2025-07-15 22:56:49.202264,98
2025-07-15 22:56:49.204146,98
2025-07-15 22:56:50.233488,98
2025-07-15 22:56:50.235323,98
2025-07-15 22:56:51.264678,98
2025-07-15 22:56:51.266676,98
2025-07-15 22:56:52.295977,98
2025-07-15 22:56:52.297682,98
2025-07-15 22:56:53.327333,98
2025-07-15 22:56:53.329267,98
2025-07-15 22:56:54.358600,98
2025-07-15 22:56:54.364182,98
2025-07-15 22:56:55.389827,98
2025-07-15 22:56:55.391694,98
2025-07-15 22:56:56.421012,98
2025-07-15 22:56:56.422850,98
2025-07-15 22:56:57.452624,98
2025-07-15 22:56:57.454494,98
2025-07-15 22:56:58.484211,98
2025-07-15 22:56:58.486243,98
2025-07-15 22:56:59.514876,98
2025-07-15 22:56:59.516923,98
2025-07-15 22:57:00.546407,98
2025-07-15 22:57:00.548233,98
2025-07-15 22:57:01.577442,98
2025-07-15 22:57:01.579588,98
2025-07-15 22:57:02.608923,98
2025-07-15 22:57:02.610759,98
2025-07-15 22:57:03.640061,98
2025-07-15 22:57:03.642363,98
2025-07-15 22:57:04.671319,98
2025-07-15 22:57:04.673141,98
2025-07-15 22:57:05.705165,100
2025-07-15 22:57:05.706534,100
2025-07-15 22:57:06.733907,100
2025-07-15 22:57:06.736179,100
2025-07-15 22:57:07.765068,100
2025-07-15 22:57:07.766897,100
2025-07-15 22:57:08.796421,100
2025-07-15 22:57:08.798288,100
2025-07-15 22:57:09.827933,100
2025-07-15 22:57:09.829699,100
2025-07-15 22:57:10.863302,100
2025-07-15 22:57:10.870410,100
2025-07-15 22:57:11.890417,100
2025-07-15 22:57:11.892491,100
2025-07-15 22:57:12.921855,108
2025-07-15 22:57:12.923714,108
2025-07-15 22:57:13.953016,129
2025-07-15 22:57:13.955294,129
2025-07-15 22:57:14.984383,129
2025-07-15 22:57:14.986514,129
2025-07-15 22:57:16.015634,129
2025-07-15 22:57:16.017403,129
2025-07-15 22:57:17.046652,129
2025-07-15 22:57:17.048980,129
2025-07-15 22:57:18.077930,129
2025-07-15 22:57:18.079701,129
2025-07-15 22:57:19.109264,129
2025-07-15 22:57:19.111156,129
2025-07-15 22:57:20.140455,129
2025-07-15 22:57:20.142306,129
2025-07-15 22:57:21.172332,129
2025-07-15 22:57:21.174561,129
2025-07-15 22:57:22.203409,129
2025-07-15 22:57:22.205519,129
2025-07-15 22:57:23.234599,129
2025-07-15 22:57:23.236492,129
2025-07-15 22:57:24.266056,129
2025-07-15 22:57:24.268261,129
2025-07-15 22:57:25.297520,129
2025-07-15 22:57:25.299852,129
2025-07-15 22:57:26.327976,129
2025-07-15 22:57:26.329592,129
2025-07-15 22:57:27.359175,129
2025-07-15 22:57:27.360805,129
2025-07-15 22:57:28.409055,129
2025-07-15 22:57:28.410835,129
2025-07-15 22:57:29.421945,129
2025-07-15 22:57:29.423633,129
2025-07-15 22:57:30.453472,129
2025-07-15 22:57:30.455641,129
2025-07-15 22:57:31.485157,129
2025-07-15 22:57:31.487353,129
2025-07-15 22:57:32.516238,129
2025-07-15 22:57:32.518308,129
2025-07-15 22:57:33.547266,129
2025-07-15 22:57:33.549068,129
2025-07-15 22:57:34.578634,129
2025-07-15 22:57:34.580474,129
2025-07-15 22:57:35.610129,129
2025-07-15 22:57:35.611812,129
2025-07-15 22:57:36.641384,129
2025-07-15 22:57:36.643192,129
