time,speed,step_frequency,heart_rate
2025-07-15 22:36:00.480985,0.053502176,0,74
2025-07-15 22:36:02.543030,0.098258804,0,75
2025-07-15 22:36:04.605474,0.084368816,0,75
2025-07-15 22:36:06.668518,0.404352984,0,76
2025-07-15 22:36:08.731303,0.31123862,0,76
2025-07-15 22:36:10.793475,3.664899056,5,92
2025-07-15 22:36:12.855800,3.866561104,10,99
2025-07-15 22:36:14.918284,3.80431338,20,108
2025-07-15 22:36:16.980717,3.766758968,25,116
2025-07-15 22:36:19.043445,3.537316944,30,124
2025-07-15 22:36:21.105978,3.4210526000000003,36,117
2025-07-15 22:36:23.206164,3.753897868,42,113
2025-07-15 22:36:25.268654,3.785793396,48,112
2025-07-15 22:36:27.331444,3.838266684,54,110
2025-07-15 22:36:29.393602,3.696794584,60,115
2025-07-15 22:36:31.456141,3.820775588,66,118
2025-07-15 22:36:33.518749,3.912861064,72,121
2025-07-15 22:36:35.581689,4.140759756,78,129
2025-07-15 22:36:37.644318,3.815631148,84,132
2025-07-15 22:36:39.706831,3.639176856,90,138
2025-07-15 22:36:41.806519,4.279659636000001,96,147
2025-07-15 22:36:43.869416,3.8969133,102,152
2025-07-15 22:36:45.931919,4.019350972,107,146
2025-07-15 22:36:47.994189,4.0898298,113,145
2025-07-15 22:36:50.094255,4.43193506,119,139
2025-07-15 22:36:52.156697,3.89176886,125,133
2025-07-15 22:36:54.257139,4.122754216,131,137
2025-07-15 22:36:56.319317,3.945271036,137,133
2025-07-15 22:36:58.382155,3.62425798,142,137
2025-07-15 22:37:00.444427,3.3829837439999997,147,137
2025-07-15 22:37:02.507293,3.208072784,153,134
2025-07-15 22:37:04.569710,3.301187148,159,136
2025-07-15 22:37:06.632264,3.630945752,159,132
2025-07-15 22:37:08.694818,3.519311404,160,135
2025-07-15 22:37:10.757325,3.654610176,161,133
2025-07-15 22:37:12.819859,3.23585276,162,129
2025-07-15 22:37:14.882393,3.5316580600000003,163,130
2025-07-15 22:37:16.944961,3.73229122,164,134
2025-07-15 22:37:19.007244,3.610367992,163,136
2025-07-15 22:37:21.070044,3.414364828,162,147
2025-07-15 22:37:23.132279,3.6139691,161,146
2025-07-15 22:37:25.194810,3.681361264,161,149
2025-07-15 22:37:27.257297,3.651523512,161,149
2025-07-15 22:37:29.320213,3.6000791120000004,161,149
2025-07-15 22:37:31.382972,3.62940242,160,150
2025-07-15 22:37:33.445440,3.141195064,160,149
2025-07-15 22:37:35.507665,2.9981796320000003,159,147
2025-07-15 22:37:37.570103,3.1123862,159,146
2025-07-15 22:37:39.632959,3.567154696,158,147
2025-07-15 22:37:41.695581,3.1772061440000003,159,146
2025-07-15 22:37:43.758088,3.245627196,158,146
2025-07-15 22:37:45.820322,3.424653708,158,146
2025-07-15 22:37:47.883309,3.65769684,158,147
2025-07-15 22:37:49.945705,3.185437248,158,148
2025-07-15 22:37:52.007420,3.2718638400000004,157,149
2025-07-15 22:37:54.071662,2.705460996,158,143
2025-07-15 22:37:56.132934,1.151325672,158,137
2025-07-15 22:37:58.195557,0.634823896,157,136
2025-07-15 22:38:00.258084,0.677008304,156,109
2025-07-15 22:38:02.320834,0.312267508,151,105
2025-07-15 22:38:04.383208,0.194974276,145,110
2025-07-15 22:38:06.445992,0.483062916,139,115
2025-07-15 22:38:08.508176,0.39097744,136,140
2025-07-15 22:38:10.570882,0.02829442,130,144
2025-07-15 22:38:12.633290,0.04887218,124,143
2025-07-15 22:38:14.696273,0.019034428,119,142
2025-07-15 22:38:16.758398,0.06687772,114,140
2025-07-15 22:38:18.821335,0.015947764,109,138
2025-07-15 22:38:20.883969,0.021606648,103,137
2025-07-15 22:38:22.946363,0.025207756,97,135
2025-07-15 22:38:25.008538,0.01800554,91,135
2025-07-15 22:38:27.071287,0.019548872,91,134
2025-07-15 22:38:29.133953,0.0375544119999999,92,131
2025-07-15 22:38:31.196643,0.04115552,92,130
2025-07-15 22:38:33.259146,0.017491096,93,129
2025-07-15 22:38:35.321679,0.0113177679999999,93,127
2025-07-15 22:38:37.384187,0.051958844,94,127
2025-07-15 22:38:39.446745,0.00257222,94,125
2025-07-15 22:38:41.509324,0.04115552,90,125
2025-07-15 22:38:43.571635,0.058646616,89,124
2025-07-15 22:38:45.634362,0.071507716,83,123
2025-07-15 22:38:47.696915,0.010803324,78,121
2025-07-15 22:38:49.759460,0.040641076,74,121
2025-07-15 22:38:51.822068,0.012346656,72,119
2025-07-15 22:38:53.884581,0.043213296,67,118
2025-07-15 22:38:55.947225,0.0128611,62,117
2025-07-15 22:38:58.009689,0.008745548,62,115
2025-07-15 22:39:00.072190,0.034467748,62,113
2025-07-15 22:39:02.134844,0.013375544,62,112
2025-07-15 22:39:04.196921,0.03343886,64,110
2025-07-15 22:39:06.259539,0.039097744,69,109
2025-07-15 22:39:08.322456,0.048357736,69,107
2025-07-15 22:39:10.384634,0.070993272,71,110
2025-07-15 22:39:12.447217,0.04887218,73,88
2025-07-15 22:39:14.509971,0.013889988,75,82
2025-07-15 22:39:16.572367,0.04629996,77,71
2025-07-15 22:39:18.635119,0.067906608,79,54
2025-07-15 22:39:20.697776,0.104432132,81,54
2025-07-15 22:39:22.759917,0.13375544,80,54
2025-07-15 22:39:24.822392,0.076652156,79,54
2025-07-15 22:39:26.922661,0.157934308,75,54
2025-07-15 22:39:28.985353,0.032409972,69,54
2025-07-15 22:39:31.085152,0.055045508,65,53
2025-07-15 22:39:33.147655,0.067906608,61,58
2025-07-15 22:39:35.247792,0.067906608,57,61
2025-07-15 22:39:37.310339,0.034467748,53,58
2025-07-15 22:39:39.410381,0.0375544119999999,52,54
2025-07-15 22:39:41.473209,0.013889988,47,56
2025-07-15 22:39:43.572930,0.0375544119999999,47,57
2025-07-15 22:39:45.635465,0.034982192,47,62
2025-07-15 22:39:47.735594,0.043213296,46,79
2025-07-15 22:39:49.798158,0.067906608,46,98
2025-07-15 22:39:51.898263,0.0303521959999999,46,88
2025-07-15 22:39:53.974526,0.27522754,46,88
2025-07-15 22:39:56.061020,0.060189948,46,88
2025-07-15 22:39:58.123248,0.0514444,46,88
2025-07-15 22:40:00.223353,0.098258804,41,88
2025-07-15 22:40:02.286023,0.04372774,36,88
2025-07-15 22:40:04.386086,0.043213296,36,88
2025-07-15 22:40:06.448386,0.0303521959999999,34,88
2025-07-15 22:40:08.549140,0.027779976,32,44
2025-07-15 22:40:10.611102,0.073051048,32,40
2025-07-15 22:40:12.711188,0.093114364,30,40
2025-07-15 22:40:14.787559,0.012346656,28,40
2025-07-15 22:40:16.836689,0.02057776,26,40
2025-07-15 22:40:18.899135,0.024178868,21,40
2025-07-15 22:40:20.999147,0.0303521959999999,16,40
2025-07-15 22:40:23.061732,0.062247724,19,40
2025-07-15 22:40:25.161491,0.038068856,19,40
2025-07-15 22:40:27.224305,0.066363276,22,40
2025-07-15 22:40:29.324491,0.076137712,20,40
2025-07-15 22:40:31.386775,0.03343886,18,40
2025-07-15 22:40:33.486718,0.046814404,22,40
2025-07-15 22:40:35.549212,0.026751088,27,40
2025-07-15 22:40:37.649227,0.081796596,32,40
2025-07-15 22:40:39.711722,0.024178868,37,46
2025-07-15 22:40:41.812131,0.075623268,42,125
2025-07-15 22:40:43.874554,0.06173328,46,125
2025-07-15 22:40:45.974728,0.067906608,54,115
2025-07-15 22:40:48.037525,0.018519984,59,100
2025-07-15 22:40:50.137565,0.031381084,64,100
2025-07-15 22:40:52.199909,0.00514444,69,100
2025-07-15 22:40:54.300075,0.022121092,69,78
2025-07-15 22:40:56.362459,0.03601108,69,41
2025-07-15 22:40:58.462369,0.012346656,70,57
2025-07-15 22:41:00.524878,0.028808864,70,64
2025-07-15 22:41:02.625153,0.013375544,70,65
2025-07-15 22:41:04.687551,0.027779976,71,87
2025-07-15 22:41:06.787735,0.080767708,69,87
2025-07-15 22:41:08.850331,0.09259992,69,87
2025-07-15 22:41:10.950390,0.041669964,70,87
2025-07-15 22:41:13.013017,0.104946576,70,86
2025-07-15 22:41:15.112814,0.083854372,70,82
2025-07-15 22:41:17.175361,0.047843292,70,77
2025-07-15 22:41:19.275613,0.0514444,66,74
2025-07-15 22:41:21.338246,0.050929956,67,74
2025-07-15 22:41:23.438065,0.054531064,62,76
2025-07-15 22:41:25.500577,0.012346656,62,80
2025-07-15 22:41:27.600685,0.036525524,64,85
2025-07-15 22:41:29.663590,0.08745548,60,87
2025-07-15 22:41:31.763468,0.05658884,56,88
2025-07-15 22:41:33.826020,0.0113177679999999,53,88
2025-07-15 22:41:35.888424,0.049386624,50,87
2025-07-15 22:41:37.950919,0.008231104,47,93
2025-07-15 22:41:40.013639,0.102374356,42,93
2025-07-15 22:41:42.076041,0.107518796,37,92
2025-07-15 22:41:44.139082,0.073565492,34,92
2025-07-15 22:41:46.201116,0.047843292,27,87
2025-07-15 22:41:48.263913,0.224812028,22,88
2025-07-15 22:41:50.326261,0.063276612,28,90
2025-07-15 22:41:52.390355,0.194974276,28,92
2025-07-15 22:41:54.451395,0.052473288,28,93
2025-07-15 22:41:56.514059,0.052473288,30,93
2025-07-15 22:41:58.576472,0.016462208,30,93
2025-07-15 22:42:00.639472,0.11060546,29,93
2025-07-15 22:42:02.701924,0.10546102,29,93
2025-07-15 22:42:04.764636,0.129125444,29,91
2025-07-15 22:42:06.827476,0.098258804,28,90
2025-07-15 22:42:08.889691,0.01543332,29,89
2025-07-15 22:42:10.952211,0.698100508,31,90
2025-07-15 22:42:13.014785,1.2346656,33,90
2025-07-15 22:42:15.077347,2.189988108,37,100
2025-07-15 22:42:17.139520,2.214166976,41,99
2025-07-15 22:42:19.202058,2.523862264,46,111
2025-07-15 22:42:21.264656,2.6344677240000003,51,122
2025-07-15 22:42:23.327586,2.622121068,54,130
2025-07-15 22:42:25.389802,2.467787868,57,138
2025-07-15 22:42:27.452303,2.487851184,61,144
2025-07-15 22:42:29.515011,2.282073584,64,133
2025-07-15 22:42:31.577383,2.704432108,67,125
2025-07-15 22:42:33.640354,2.490423404,70,125
2025-07-15 22:42:35.702540,2.847961984,74,117
2025-07-15 22:42:37.765369,2.588167764,79,117
2025-07-15 22:42:39.827975,1.152869004,82,116
2025-07-15 22:42:41.890473,2.848476428,85,116
2025-07-15 22:42:43.953099,2.78056982,89,107
2025-07-15 22:42:46.015870,2.3113968920000003,94,107
2025-07-15 22:42:48.115465,2.755876508,93,109
2025-07-15 22:42:50.178218,2.547012244,98,111
2025-07-15 22:42:52.277994,1.906529464,102,124
2025-07-15 22:42:54.340480,2.435377896,105,126
2025-07-15 22:42:56.403610,1.918361676,110,125
2025-07-15 22:42:58.466067,1.914760568,115,127
2025-07-15 22:43:00.566241,2.781084264,125,128
2025-07-15 22:43:02.628420,2.8886030600000003,130,132
2025-07-15 22:43:04.691159,2.872655296,134,132
2025-07-15 22:43:06.753432,3.104155096,138,133
2025-07-15 22:43:08.815856,2.745587628,141,134
2025-07-15 22:43:10.878289,3.026474052,141,134
2025-07-15 22:43:12.941060,2.740957632,141,136
2025-07-15 22:43:15.003848,2.926157472,141,135
2025-07-15 22:43:17.066134,3.209616116,141,140
2025-07-15 22:43:19.128988,2.7779976000000004,141,135
2025-07-15 22:43:21.191705,2.502255616,141,138
2025-07-15 22:43:23.253746,3.0146418400000004,142,136
2025-07-15 22:43:25.316835,2.480134524,142,138
2025-07-15 22:43:27.379247,2.949307452,142,137
2025-07-15 22:43:29.441499,2.684368792,142,135
2025-07-15 22:43:31.504448,2.5135733840000003,142,134
2025-07-15 22:43:33.566905,2.982746312,143,133
2025-07-15 22:43:35.630403,2.27384248,143,135
2025-07-15 22:43:37.691636,2.68539768,143,134
2025-07-15 22:43:39.754558,2.6169766279999997,143,136
2025-07-15 22:43:41.817107,2.1853581120000003,143,135
2025-07-15 22:43:43.879360,2.758963172,143,138
2025-07-15 22:43:45.941848,2.733755416,143,136
2025-07-15 22:43:48.004553,2.5999999760000003,143,138
2025-07-15 22:43:50.067320,2.94261968,143,139
2025-07-15 22:43:52.129583,2.299050236,143,138
2025-07-15 22:43:54.192136,2.757934284,143,138
2025-07-15 22:43:56.254798,2.39730904,143,142
2025-07-15 22:43:58.317615,2.480134524,143,140
2025-07-15 22:44:00.379940,1.811871768,143,142
2025-07-15 22:44:02.442521,2.3124257800000003,143,143
2025-07-15 22:44:04.505268,1.879263932,142,142
2025-07-15 22:44:06.567723,2.637554388,142,139
2025-07-15 22:44:08.630227,2.032568244,142,140
2025-07-15 22:44:10.692522,2.553700016,143,141
2025-07-15 22:44:12.755465,2.113335952,143,140
2025-07-15 22:44:14.818059,2.7178076520000003,143,144
2025-07-15 22:44:16.917395,2.135971488,143,147
2025-07-15 22:44:18.980566,2.289790244,142,145
2025-07-15 22:44:21.043347,2.056232668,142,145
2025-07-15 22:44:23.105419,2.539810028,142,145
2025-07-15 22:44:25.168279,1.907043908,142,144
2025-07-15 22:44:27.230638,2.596398868,142,143
2025-07-15 22:44:29.293444,2.298535792,141,143
2025-07-15 22:44:31.355592,2.4302334560000003,141,142
2025-07-15 22:44:33.418573,2.74455874,141,142
2025-07-15 22:44:35.480768,2.418915688,141,142
2025-07-15 22:44:37.543850,2.3921646,141,141
2025-07-15 22:44:39.605849,2.3252868799999997,141,139
2025-07-15 22:44:41.668793,1.483656496,141,140
2025-07-15 22:44:43.731389,1.142580124,141,139
2025-07-15 22:44:45.793906,0.773209332,142,139
2025-07-15 22:44:47.856707,0.328729716,143,138
2025-07-15 22:44:49.994112,0.082825484,138,132
2025-07-15 22:44:52.056522,0.0128611,133,108
2025-07-15 22:44:54.118898,0.025207756,128,104
2025-07-15 22:44:56.181810,0.0375544119999999,128,71
2025-07-15 22:44:58.244204,0.06687772,125,56
2025-07-15 22:45:00.306697,0.035496636,121,54
2025-07-15 22:45:02.369165,0.03601108,116,63
2025-07-15 22:45:04.431541,0.044756628,111,61
2025-07-15 22:45:06.494475,0.042184408,106,58
2025-07-15 22:45:08.557182,0.029323308,101,49
2025-07-15 22:45:10.619601,0.043213296,98,47
2025-07-15 22:45:12.682143,0.021606648,93,54
2025-07-15 22:45:14.744333,0.0375544119999999,90,63
2025-07-15 22:45:16.807191,0.062247724,90,67
2025-07-15 22:45:18.869924,0.0375544119999999,85,63
2025-07-15 22:45:20.932022,0.045785516,82,43
2025-07-15 22:45:22.994941,0.0257222,79,40
2025-07-15 22:45:25.057542,0.034467748,76,41
2025-07-15 22:45:27.119994,0.011832212,76,41
2025-07-15 22:45:29.182540,0.014404432,76,46
2025-07-15 22:45:31.244725,0.003086664,71,44
2025-07-15 22:45:33.307368,0.011832212,66,44
2025-07-15 22:45:35.369883,0.034467748,66,50
2025-07-15 22:45:37.432826,0.02314998,66,44
2025-07-15 22:45:39.495414,0.0128611,66,48
2025-07-15 22:45:41.557847,0.051958844,65,50
2025-07-15 22:45:43.620527,0.011832212,64,46
2025-07-15 22:45:45.683025,0.027265532,69,47
2025-07-15 22:45:47.745563,0.019034428,74,45
2025-07-15 22:45:49.845374,0.0257222,79,40
2025-07-15 22:45:51.907984,0.048357736,79,52
2025-07-15 22:45:53.970472,0.029837752,82,97
2025-07-15 22:45:56.033449,0.047328848,86,68
2025-07-15 22:45:58.095430,0.029323308,91,53
2025-07-15 22:46:00.158149,0.034982192,96,55
2025-07-15 22:46:02.220836,0.0113177679999999,100,52
2025-07-15 22:46:04.283322,0.0529877319999999,105,49
2025-07-15 22:46:06.345676,0.011832212,108,43
2025-07-15 22:46:08.408228,0.040641076,108,46
2025-07-15 22:46:10.470890,0.058646616,106,46
2025-07-15 22:46:12.533739,0.185714284,107,66
2025-07-15 22:46:14.596298,0.062762168,107,58
2025-07-15 22:46:16.658851,0.036525524,111,68
2025-07-15 22:46:18.721038,0.217095368,115,78
2025-07-15 22:46:20.783963,0.03343886,118,75
2025-07-15 22:46:22.846522,0.128096556,118,90
2025-07-15 22:46:24.946266,0.19034428,118,79
2025-07-15 22:46:27.008740,0.190858724,118,71
2025-07-15 22:46:29.071665,0.104432132,123,69
2025-07-15 22:46:31.134064,0.05916106,128,56
2025-07-15 22:46:33.196694,0.069964384,129,60
2025-07-15 22:46:35.259138,0.096201028,129,69
2025-07-15 22:46:37.321699,0.06173328,124,64
2025-07-15 22:46:39.384117,0.036525524,119,67
2025-07-15 22:46:41.446988,0.047328848,120,51
2025-07-15 22:46:43.509527,0.038068856,121,69
2025-07-15 22:46:45.571688,0.039097744,122,70
2025-07-15 22:46:47.634844,0.032924416,123,66
2025-07-15 22:46:49.697215,0.020063316,124,90
2025-07-15 22:46:51.759793,0.029837752,125,91
2025-07-15 22:46:53.822030,0.060189948,126,92
2025-07-15 22:46:55.884975,0.040641076,127,91
2025-07-15 22:46:57.947555,0.013375544,128,90
2025-07-15 22:47:00.009790,0.0226355359999999,129,89
2025-07-15 22:47:02.072524,0.037039968,130,89
2025-07-15 22:47:04.134861,0.073051048,136,90
2025-07-15 22:47:06.197352,0.092085476,142,91
2025-07-15 22:47:08.259983,0.063276612,142,92
2025-07-15 22:47:10.322403,0.086941036,148,92
2025-07-15 22:47:12.385328,0.012346656,148,92
2025-07-15 22:47:14.448165,0.112663236,148,93
2025-07-15 22:47:16.510418,0.139928768,149,93
2025-07-15 22:47:18.572639,0.153818756,150,93
2025-07-15 22:47:20.635104,0.103917688,151,92
2025-07-15 22:47:22.698082,0.149703204,152,92
2025-07-15 22:47:24.760625,0.237158684,147,93
2025-07-15 22:47:26.822893,0.22121092,148,93
2025-07-15 22:47:28.885474,0.094657696,147,92
2025-07-15 22:47:30.948298,0.029323308,147,92
2025-07-15 22:47:33.010478,0.096715472,147,92
2025-07-15 22:47:35.072991,0.060189948,142,93
2025-07-15 22:47:37.135577,0.067392164,142,93
2025-07-15 22:47:39.198462,0.062762168,136,92
2025-07-15 22:47:41.261063,0.065334388,130,92
2025-07-15 22:47:43.323583,0.05658884,124,91
2025-07-15 22:47:45.386024,0.014918876,118,90
2025-07-15 22:47:47.448716,0.009259992,112,90
2025-07-15 22:47:49.511269,0.042698852,106,89
2025-07-15 22:47:51.573486,0.040641076,100,90
2025-07-15 22:47:53.636176,0.02314998,88,91
2025-07-15 22:47:55.698960,0.019548872,82,93
2025-07-15 22:47:57.761449,0.081282152,76,95
2025-07-15 22:47:59.823710,0.056074396,70,95
2025-07-15 22:48:01.886749,0.023664424,64,94
2025-07-15 22:48:03.948929,0.057103284,58,93
2025-07-15 22:48:06.011383,0.029323308,52,92
2025-07-15 22:48:08.074314,0.046814404,46,92
2025-07-15 22:48:10.136601,0.1214087839999999,40,93
2025-07-15 22:48:12.199404,0.071507716,34,94
2025-07-15 22:48:14.262109,0.100831024,29,93
2025-07-15 22:48:16.324519,0.083339928,25,92
2025-07-15 22:48:18.386655,0.0452710719999999,24,91
2025-07-15 22:48:20.449582,0.060189948,26,90
2025-07-15 22:48:22.511775,0.114206568,21,89
2025-07-15 22:48:24.574709,0.033953304,18,89
2025-07-15 22:48:26.637309,0.0257222,15,89
2025-07-15 22:48:28.699418,0.014404432,17,90
2025-07-15 22:48:30.762401,0.024178868,17,91
2025-07-15 22:48:32.824591,0.013889988,17,92
2025-07-15 22:48:34.887453,0.03601108,19,93
2025-07-15 22:48:36.949607,0.0375544119999999,19,91
2025-07-15 22:48:39.012572,0.06944994,19,90
2025-07-15 22:48:41.075122,0.058132172,20,89
2025-07-15 22:48:43.137455,0.05658884,25,89
2025-07-15 22:48:45.200269,0.107518796,25,90
2025-07-15 22:48:47.262788,0.053502176,30,93
2025-07-15 22:48:49.325069,0.094657696,35,93
2025-07-15 22:48:51.387621,0.0375544119999999,40,92
2025-07-15 22:48:53.450064,0.048357736,45,90
2025-07-15 22:48:55.513251,0.03343886,50,88
2025-07-15 22:48:57.575622,0.03343886,55,88
2025-07-15 22:48:59.637905,0.05401662,55,89
2025-07-15 22:49:01.700432,0.058132172,55,89
2025-07-15 22:49:03.763311,0.043213296,55,90
2025-07-15 22:49:05.825807,0.033953304,55,89
2025-07-15 22:49:07.888391,0.04887218,55,89
2025-07-15 22:49:09.988036,0.031381084,56,90
2025-07-15 22:49:12.050577,0.080767708,54,91
2025-07-15 22:49:14.113282,0.049386624,49,91
2025-07-15 22:49:16.176168,0.167708744,47,91
2025-07-15 22:49:18.238775,0.09259992,47,91
2025-07-15 22:49:20.300851,0.155876532,47,92
2025-07-15 22:49:22.363742,0.184685396,45,91
2025-07-15 22:49:24.426290,0.16204986,44,91
2025-07-15 22:49:26.488464,0.110091016,46,91
2025-07-15 22:49:28.550850,0.1815987319999999,48,90
2025-07-15 22:49:30.613682,0.880728128,48,92
2025-07-15 22:49:32.676491,0.292204192,48,93
2025-07-15 22:49:34.738695,0.135298772,49,94
2025-07-15 22:49:36.801271,0.086941036,50,94
2025-07-15 22:49:38.863743,0.058646616,47,95
2025-07-15 22:49:40.926411,0.099802136,47,95
2025-07-15 22:49:42.989368,0.03343886,42,94
2025-07-15 22:49:45.051466,0.101859912,37,93
2025-07-15 22:49:47.151666,0.024693312,32,92
2025-07-15 22:49:49.214393,0.091571032,27,93
2025-07-15 22:49:51.276993,0.073565492,22,94
2025-07-15 22:49:53.339143,0.147130984,17,93
2025-07-15 22:49:55.439437,0.438820732,17,92
2025-07-15 22:49:57.501753,0.715591604,17,90
2025-07-15 22:49:59.564540,0.466600708,17,89
2025-07-15 22:50:01.627259,0.343134148,17,89
2025-07-15 22:50:03.689946,0.148674316,17,90
2025-07-15 22:50:05.752233,0.1507320919999999,15,91
2025-07-15 22:50:07.814618,0.133240996,15,90
2025-07-15 22:50:09.877295,0.323585276,15,90
2025-07-15 22:50:11.939643,0.10803324,15,89
2025-07-15 22:50:14.002183,0.093114364,15,89
2025-07-15 22:50:16.065324,0.11832212,14,89
2025-07-15 22:50:18.127733,0.014918876,12,89
2025-07-15 22:50:20.190430,0.057617728,11,89
2025-07-15 22:50:22.252897,0.029837752,9,89
2025-07-15 22:50:24.314982,0.133240996,7,89
2025-07-15 22:50:26.377737,0.113692124,5,89
2025-07-15 22:50:28.440580,0.04629996,5,90
2025-07-15 22:50:30.503102,0.0771666,4,92
2025-07-15 22:50:32.565241,0.086426592,2,93
2025-07-15 22:50:34.627762,0.073565492,0,94
2025-07-15 22:50:36.690316,0.021092204,0,92
2025-07-15 22:50:38.753368,0.294776412,0,89
2025-07-15 22:50:40.815503,1.097309052,2,91
2025-07-15 22:50:42.878023,1.07261574,5,91
2025-07-15 22:50:44.940703,1.323664412,8,93
2025-07-15 22:50:47.003262,1.557221988,10,95
2025-07-15 22:50:49.065677,1.169845656,13,100
2025-07-15 22:50:51.128363,1.105540156,16,96
2025-07-15 22:50:53.190970,1.269133348,20,97
2025-07-15 22:50:55.253484,1.398258792,22,97
2025-07-15 22:50:57.315991,1.351958832,24,96
2025-07-15 22:50:59.378413,1.212544508,27,95
2025-07-15 22:51:01.441210,1.52789868,29,96
2025-07-15 22:51:03.503615,1.581400856,32,97
2025-07-15 22:51:05.566043,1.242896704,34,99
2025-07-15 22:51:07.628524,1.203284516,37,101
2025-07-15 22:51:09.691632,1.322635524,40,101
2025-07-15 22:51:11.753791,1.351444388,42,101
2025-07-15 22:51:13.816651,1.056153532,45,101
2025-07-15 22:51:15.878903,1.041234656,47,101
2025-07-15 22:51:17.941716,1.2212900560000002,50,101
2025-07-15 22:51:20.004159,1.234151156,53,101
2025-07-15 22:51:22.066517,1.158013444,56,100
2025-07-15 22:51:24.167079,1.301028876,59,100
2025-07-15 22:51:26.229542,1.256786692,62,101
2025-07-15 22:51:28.291715,1.103996824,65,102
2025-07-15 22:51:30.354692,1.14721012,68,103
2025-07-15 22:51:32.416967,1.355045496,71,105
2025-07-15 22:51:34.479388,1.069014632,76,103
2025-07-15 22:51:36.541965,1.128175692,77,103
2025-07-15 22:51:38.604675,1.2999999880000002,78,102
2025-07-15 22:51:40.667370,1.329323296,77,101
2025-07-15 22:51:42.729947,1.091650168,77,99
2025-07-15 22:51:44.792137,1.254728916,77,95
2025-07-15 22:51:46.855064,1.398258792,77,93
2025-07-15 22:51:48.917220,1.249070032,75,90
2025-07-15 22:51:50.980130,1.560308652,75,90
2025-07-15 22:51:53.042491,1.394657684,76,86
2025-07-15 22:51:55.105288,1.142580124,75,93
2025-07-15 22:51:57.167888,1.110170152,76,98
2025-07-15 22:51:59.229992,1.415749888,76,98
2025-07-15 22:52:01.292262,1.477483168,77,96
2025-07-15 22:52:03.354746,1.125603472,76,87
2025-07-15 22:52:05.418060,1.47645428,75,82
2025-07-15 22:52:07.480246,1.305658872,76,80
2025-07-15 22:52:09.543317,1.094222388,76,82
2025-07-15 22:52:11.606076,1.155955668,76,89
2025-07-15 22:52:13.668227,1.356588828,76,100
2025-07-15 22:52:15.730792,1.03660466,76,97
2025-07-15 22:52:17.793403,1.159556776,76,96
2025-07-15 22:52:19.855832,1.23209338,76,96
2025-07-15 22:52:21.918491,1.12920458,76,98
2025-07-15 22:52:23.981063,1.079303512,75,83
2025-07-15 22:52:26.043356,1.32212108,74,83
2025-07-15 22:52:28.106138,1.212544508,73,83
2025-07-15 22:52:30.168674,0.963039168,72,96
2025-07-15 22:52:32.230856,1.227977828,73,95
2025-07-15 22:52:34.293432,1.115829036,73,100
2025-07-15 22:52:36.393637,1.003680244,71,98
2025-07-15 22:52:38.456012,1.274792232,72,98
2025-07-15 22:52:40.519066,1.30925998,73,97
2025-07-15 22:52:42.581142,0.9645825,72,97
2025-07-15 22:52:44.644115,1.243411148,71,96
2025-07-15 22:52:46.706681,1.1796200920000002,72,96
2025-07-15 22:52:48.769248,1.0360902159999998,73,96
2025-07-15 22:52:50.831360,0.995963584,74,96
2025-07-15 22:52:52.893951,1.425524324,74,95
2025-07-15 22:52:54.956664,1.083933508,73,94
2025-07-15 22:52:57.019064,0.997506916,73,94
2025-07-15 22:52:59.081614,1.22694894,73,96
2025-07-15 22:53:01.144344,1.070557964,73,95
2025-07-15 22:53:03.207230,1.042263544,73,96
2025-07-15 22:53:05.269315,1.2218045,73,96
2025-07-15 22:53:07.331873,1.150811228,74,94
2025-07-15 22:53:09.394739,1.109141264,73,95
2025-07-15 22:53:11.457323,0.981044708,73,95
2025-07-15 22:53:13.519787,1.212030064,73,95
2025-07-15 22:53:15.582468,1.1168579239999998,72,94
2025-07-15 22:53:17.645006,1.070557964,72,94
2025-07-15 22:53:19.707565,1.138979016,72,94
2025-07-15 22:53:21.770068,1.0340324399999998,72,93
2025-07-15 22:53:23.832335,1.127661248,73,93
2025-07-15 22:53:25.895201,1.171903432,73,94
2025-07-15 22:53:27.957729,1.200712296,72,95
2025-07-15 22:53:30.020268,1.202770072,72,94
2025-07-15 22:53:32.082488,0.767550448,72,93
2025-07-15 22:53:34.145118,0.965096944,71,93
2025-07-15 22:53:36.207978,1.09833794,71,93
2025-07-15 22:53:38.270264,1.03146022,71,93
2025-07-15 22:53:40.332695,0.941946964,71,95
2025-07-15 22:53:42.395790,1.040720212,71,95
2025-07-15 22:53:44.458159,0.804075972,70,95
2025-07-15 22:53:46.520847,0.984645816,69,95
2025-07-15 22:53:48.583126,0.8333992800000001,70,94
2025-07-15 22:53:50.645565,0.816422628,69,95
2025-07-15 22:53:52.745636,0.798931532,70,94
2025-07-15 22:53:54.808138,0.814364852,70,94
2025-07-15 22:53:56.870598,0.988246924,71,94
2025-07-15 22:53:58.933549,1.079303512,71,95
2025-07-15 22:54:00.996089,0.861179256,70,97
2025-07-15 22:54:03.058440,0.929600308,69,99
2025-07-15 22:54:05.120825,1.002136912,69,96
2025-07-15 22:54:07.183745,0.960466948,69,95
2025-07-15 22:54:09.246133,0.916739208,68,96
2025-07-15 22:54:11.308513,0.946062516,68,97
2025-07-15 22:54:13.371052,1.25267114,68,98
2025-07-15 22:54:15.434022,0.95686584,70,98
2025-07-15 22:54:17.496491,0.979501376,70,102
2025-07-15 22:54:19.559148,1.200197852,70,102
2025-07-15 22:54:21.621437,1.290225552,70,101
2025-07-15 22:54:23.683837,1.109655708,70,101
2025-07-15 22:54:25.746537,1.378195476,70,101
2025-07-15 22:54:27.809324,1.109655708,71,94
2025-07-15 22:54:29.871927,1.257301136,71,94
2025-07-15 22:54:31.934206,0.803561528,71,94
2025-07-15 22:54:33.996564,1.1379501280000002,71,93
2025-07-15 22:54:36.058772,1.043806876,71,96
2025-07-15 22:54:38.122186,0.945548072,71,97
2025-07-15 22:54:40.184215,1.254728916,71,97
2025-07-15 22:54:42.246842,1.230550048,71,98
2025-07-15 22:54:44.309530,0.91828254,70,99
2025-07-15 22:54:46.372047,0.989790256,72,98
2025-07-15 22:54:48.434903,0.985674704,71,97
2025-07-15 22:54:50.497366,0.834942612,71,98
2025-07-15 22:54:52.559690,1.048951316,70,97
2025-07-15 22:54:54.622121,0.90542144,70,96
2025-07-15 22:54:56.684704,0.936802524,71,97
2025-07-15 22:54:58.747257,0.84368816,70,98
2025-07-15 22:55:00.809882,0.703244948,70,98
2025-07-15 22:55:02.872433,0.7495449080000001,71,97
2025-07-15 22:55:04.935301,0.705817168,70,93
2025-07-15 22:55:06.997509,1.119430144,70,93
2025-07-15 22:55:09.060069,0.8117926320000001,71,93
2025-07-15 22:55:11.122896,0.98773248,72,94
2025-07-15 22:55:13.185454,0.757261568,70,97
2025-07-15 22:55:15.247798,1.2645033520000002,71,97
2025-07-15 22:55:17.310397,0.937316968,70,96
2025-07-15 22:55:19.372957,0.896161448,71,96
2025-07-15 22:55:21.435744,1.16007122,70,95
2025-07-15 22:55:23.498336,1.223862276,69,97
2025-07-15 22:55:25.560425,0.589552824,70,98
2025-07-15 22:55:27.623166,0.939889188,70,94
2025-07-15 22:55:29.685716,1.071072408,70,93
2025-07-15 22:55:31.748513,1.16007122,71,93
2025-07-15 22:55:33.811002,1.006252464,70,94
2025-07-15 22:55:35.873595,1.056153532,70,95
2025-07-15 22:55:37.935760,1.645191912,71,95
2025-07-15 22:55:39.998451,0.965096944,71,93
2025-07-15 22:55:42.061262,0.8719825800000001,69,93
2025-07-15 22:55:44.123532,1.056667976,70,93
2025-07-15 22:55:46.186388,0.230470912,69,93
2025-07-15 22:55:48.248524,0.86941036,69,92
2025-07-15 22:55:50.311589,0.78709932,70,93
2025-07-15 22:55:52.373821,0.8544914840000001,71,93
2025-07-15 22:55:54.436566,1.042263544,71,92
2025-07-15 22:55:56.499344,1.156470112,72,93
2025-07-15 22:55:58.561679,0.965096944,72,94
2025-07-15 22:56:00.624208,1.169845656,72,97
2025-07-15 22:56:02.686758,1.074673516,73,98
2025-07-15 22:56:04.749342,1.22694894,72,96
2025-07-15 22:56:06.811747,1.231064492,70,96
2025-07-15 22:56:08.874054,1.310803312,70,96
2025-07-15 22:56:10.936985,1.076731292,69,96
2025-07-15 22:56:12.999224,0.898219224,69,97
2025-07-15 22:56:15.062165,1.0530668680000002,70,98
2025-07-15 22:56:17.124635,1.004709132,70,98
2025-07-15 22:56:19.187056,0.885358124,70,97
2025-07-15 22:56:21.249746,0.638425004,72,97
2025-07-15 22:56:23.312033,0.822595956,73,93
2025-07-15 22:56:25.374946,0.12603878,75,82
2025-07-15 22:56:27.437338,0.5730906160000001,73,79
2025-07-15 22:56:29.537278,0.3986941,70,75
2025-07-15 22:56:31.600073,4.863039132,68,48
2025-07-15 22:56:33.662567,5.187138852,71,48
2025-07-15 22:56:35.724799,6.046774776,65,45
2025-07-15 22:56:37.824860,8.407043847999999,63,98
2025-07-15 22:56:39.887426,3.123189524,60,98
2025-07-15 22:56:41.949911,1.642619692,58,98
2025-07-15 22:56:44.012836,0.597269484,56,98
2025-07-15 22:56:46.075445,0.103917688,53,98
2025-07-15 22:56:48.137990,0.057103284,55,98
2025-07-15 22:56:50.200553,0.12089434,53,98
2025-07-15 22:56:52.262763,0.058132172,56,98
2025-07-15 22:56:54.325310,0.0452710719999999,53,98
2025-07-15 22:56:56.388144,0.03086664,57,98
2025-07-15 22:56:58.450417,0.046814404,60,98
2025-07-15 22:57:00.512916,0.027779976,64,98
2025-07-15 22:57:02.575887,0.0226355359999999,63,98
2025-07-15 22:57:04.637697,0.0385833,62,98
2025-07-15 22:57:06.702391,0.025207756,61,100
2025-07-15 22:57:08.763209,0.035496636,65,100
2025-07-15 22:57:10.826234,0.004115552,62,100
2025-07-15 22:57:12.888362,0.029323308,59,108
2025-07-15 22:57:14.951047,0.059675504,57,129
2025-07-15 22:57:17.013727,0.008231104,53,129
2025-07-15 22:57:19.075940,0.038068856,49,129
2025-07-15 22:57:21.140707,0.04887218,44,129
2025-07-15 22:57:23.201392,0.073565492,44,129
2025-07-15 22:57:25.263678,0.055045508,44,129
2025-07-15 22:57:27.326321,0.037039968,44,129
2025-07-15 22:57:29.388548,0.00771666,39,129
2025-07-15 22:57:31.451671,0.029837752,39,129
2025-07-15 22:57:33.513985,0.04115552,39,129
2025-07-15 22:57:35.576347,0.0514444,39,129
