time,speed,step_frequency,heart_rate,steps_time_diff_seconds,heart_time_diff_seconds
2025-07-15 22:27:09.441557,0.025207756,0,66,20.474706,230.599479
2025-07-15 22:27:11.541525,0.086426592,0,66,18.374738,228.499511
2025-07-15 22:27:13.604240,0.095686584,0,66,16.312023,226.436796
2025-07-15 22:27:15.703897,0.039097744,0,66,14.212366,224.337139
2025-07-15 22:27:17.766270,0.01028888,0,66,12.149993,222.274766
2025-07-15 22:27:19.866916,0.08488326,0,66,10.049347000000001,220.17412
2025-07-15 22:27:21.929324,0.0771666,0,66,7.986939,218.111712
2025-07-15 22:27:24.050089,0.018519984,0,66,5.866174,215.990947
2025-07-15 22:27:26.128723,0.046814404,0,66,3.78754,213.912313
2025-07-15 22:27:28.191107,0.041669964,0,66,1.7251560000000001,211.849929
2025-07-15 22:27:30.253563,0.014918876,0,66,0.3373,209.787473
2025-07-15 22:27:32.354144,0.031381084,0,66,0.431265,207.686892
2025-07-15 22:27:34.415894,0.049901068,1,66,0.484183,205.625142
2025-07-15 22:27:36.516017,0.008231104,1,66,0.575707,203.525019
2025-07-15 22:27:38.578313,0.417214084,2,66,0.628668,201.462723
2025-07-15 22:27:40.678352,0.125524336,5,66,0.719715,199.362684
2025-07-15 22:27:42.741266,0.034467748,5,66,0.773398,197.29977
2025-07-15 22:27:44.842796,0.041669964,5,66,0.866155,195.19824
2025-07-15 22:27:46.903634,0.052473288,7,66,0.918382,193.137402
2025-07-15 22:27:49.003580,0.021606648,9,66,0.998642,191.037456
2025-07-15 22:27:51.065786,0.027265532,11,66,0.946221,188.97525
2025-07-15 22:27:53.165518,0.016462208,11,66,0.855124,186.875518
2025-07-15 22:27:55.227974,0.009259992,12,66,0.800609,184.813062
2025-07-15 22:27:57.328308,0.16976652,12,66,0.709004,182.712728
2025-07-15 22:27:59.390397,0.039097744,12,66,0.6545989999999999,180.650639
2025-07-15 22:28:01.490077,0.207320932,17,66,0.562497,178.550959
2025-07-15 22:28:03.552884,0.042184408,17,66,0.506235,176.488152
2025-07-15 22:28:05.653229,0.019548872,17,66,0.41227800000000003,174.387807
2025-07-15 22:28:07.715300,0.021606648,17,66,0.359619,172.325736
2025-07-15 22:28:09.817300,0.003086664,17,66,0.26665399999999995,170.223736
2025-07-15 22:28:11.877898,0.107518796,17,66,0.21416999999999997,168.163138
2025-07-15 22:28:13.978216,0.071507716,19,66,0.12148099999999995,166.06282
2025-07-15 22:28:16.040053,0.020063316,21,66,0.067473,164.000983
2025-07-15 22:28:18.140458,0.013889988,23,66,0.024577,161.900578
2025-07-15 22:28:20.202544,0.010803324,25,66,0.078097,159.838492
2025-07-15 22:28:22.265167,0.015947764,27,66,0.131857,157.775869
2025-07-15 22:28:24.327964,0.00771666,29,66,0.186842,155.713072
2025-07-15 22:28:26.427679,0.041669964,31,66,0.277204,153.613357
2025-07-15 22:28:28.490592,0.034982192,33,66,0.331056,151.550444
2025-07-15 22:28:30.589795,0.039612188,32,66,0.423386,149.451241
2025-07-15 22:28:32.652246,0.01028888,32,66,0.480274,147.38879
2025-07-15 22:28:34.752352,0.016462208,31,66,0.572455,145.288684
2025-07-15 22:28:36.815347,0.011832212,28,66,0.627513,143.225689
2025-07-15 22:28:38.916917,0.040641076,28,66,0.721533,141.124119
2025-07-15 22:28:40.977385,0.02314998,28,66,0.774043,139.063651
2025-07-15 22:28:43.077793,0.020063316,26,66,0.866504,136.963243
2025-07-15 22:28:45.140090,0.017491096,26,66,0.921154,134.900946
2025-07-15 22:28:47.240158,0.016976652,22,66,0.996734,132.800878
2025-07-15 22:28:49.302206,0.027779976,22,66,0.944766,130.73883
2025-07-15 22:28:51.364744,0.023664424,21,66,0.890594,128.676292
2025-07-15 22:28:53.427046,0.013375544,21,66,0.836878,126.61399
2025-07-15 22:28:55.489732,0.02314998,21,66,0.7827500000000001,124.551304
2025-07-15 22:28:57.552426,0.015947764,16,66,0.729009,122.48861
2025-07-15 22:28:59.614916,0.024693312,16,66,0.675316,120.42612
2025-07-15 22:29:01.677150,0.016976652,16,66,0.619523,118.363886
2025-07-15 22:29:03.777508,0.01543332,16,66,0.526969,116.263528
2025-07-15 22:29:05.839681,0.03343886,16,66,0.47216,114.201355
2025-07-15 22:29:07.902021,0.013375544,16,66,0.416323,112.139015
2025-07-15 22:29:09.964429,0.1059754639999999,14,66,0.359046,110.076607
2025-07-15 22:29:12.026959,0.0303521959999999,12,66,0.30300499999999997,108.014077
2025-07-15 22:29:14.089805,0.034982192,10,66,0.246942,105.951231
2025-07-15 22:29:16.152031,0.045785516,8,66,0.19145199999999996,103.889005
2025-07-15 22:29:18.214617,0.04115552,6,66,0.13564600000000004,101.826419
2025-07-15 22:29:20.277240,0.055559952,4,66,0.08078300000000005,99.763796
2025-07-15 22:29:22.339286,0.047843292,2,66,0.025197000000000025,97.70175
2025-07-15 22:29:24.402323,0.029837752,0,66,0.031274,95.638713
2025-07-15 22:29:26.464744,0.024693312,0,66,0.087095,93.576292
2025-07-15 22:29:28.526879,0.25979422,0,66,0.140382,91.514157
2025-07-15 22:29:30.589768,0.103917688,0,66,0.196588,89.451268
2025-07-15 22:29:32.651817,0.034982192,0,66,0.24073,87.389219
2025-07-15 22:29:34.714264,0.04629996,0,66,0.292667,85.326772
2025-07-15 22:29:36.777123,0.039097744,0,66,0.348681,83.263913
2025-07-15 22:29:38.839672,0.04887218,0,66,0.402345,81.201364
2025-07-15 22:29:40.901898,0.032409972,0,66,0.456628,79.139138
2025-07-15 22:29:42.964720,0.23407202,1,66,0.511571,77.076316
2025-07-15 22:29:45.026686,0.204234268,1,66,0.566942,75.01435
2025-07-15 22:29:47.089559,0.082825484,1,66,0.62344,72.951477
2025-07-15 22:29:49.151700,0.074079936,1,66,0.6769,70.889336
2025-07-15 22:29:51.214160,0.091056588,1,66,0.730349,68.826876
2025-07-15 22:29:53.277196,0.024693312,3,66,0.78379,66.76384
2025-07-15 22:29:55.339586,0.056074396,5,66,0.838587,64.70145
2025-07-15 22:29:57.402124,0.127067668,7,66,0.894295,62.638912
2025-07-15 22:29:59.464376,0.058132172,9,66,0.949671,60.57666
2025-07-15 22:30:01.527031,0.197546496,13,66,1.0013640000000001,58.514005
2025-07-15 22:30:03.589581,0.063791056,15,66,0.945855,56.451455
2025-07-15 22:30:05.651644,0.191887612,17,66,0.890722,54.389392
2025-07-15 22:30:07.751286,0.04115552,17,66,0.799855,52.28975
2025-07-15 22:30:09.815943,0.046814404,17,66,0.743691,50.225093
2025-07-15 22:30:11.914183,0.100831024,19,66,0.653662,48.126853
2025-07-15 22:30:13.977175,0.156390976,21,66,0.5973269999999999,46.063861
2025-07-15 22:30:16.076720,0.116264344,23,66,0.5045109999999999,43.964316
2025-07-15 22:30:18.139310,0.1543332,25,66,0.448276,41.901726
2025-07-15 22:30:20.201672,0.120379896,27,66,0.39199300000000004,39.839364
2025-07-15 22:30:22.264038,0.116264344,29,66,0.33905799999999997,37.776998
2025-07-15 22:30:24.364621,0.083854372,31,66,0.24838400000000005,35.676415
2025-07-15 22:30:26.427197,0.210407596,33,66,0.194859,33.613839
2025-07-15 22:30:28.528762,0.155362088,35,66,0.10125300000000004,31.512274
2025-07-15 22:31:04.677285,0.015947764,22,56,0.003516,0.490484
2025-07-15 22:31:06.738920,0.013889988,22,55,0.05709,0.489041
2025-07-15 22:31:08.803402,0.006687772,20,53,0.114816,0.491236
2025-07-15 22:31:10.864251,0.031381084,18,59,0.169003,0.48943
2025-07-15 22:31:12.964917,0.017491096,16,59,0.263075,0.501734
2025-07-15 22:31:15.027220,0.101859912,14,59,0.318912,0.501676
2025-07-15 22:31:17.127147,0.3215275,17,60,0.411917,0.46468
2025-07-15 22:31:19.189303,0.316897504,15,60,0.46785,0.46499199999999996
2025-07-15 22:31:21.289299,0.2176098119999999,13,61,0.5588,0.42753300000000005
2025-07-15 22:31:23.352174,0.287574196,11,62,0.613119,0.42674
2025-07-15 22:31:25.452195,0.0257222,9,63,0.70398,0.389184
2025-07-15 22:31:27.514706,0.164107636,7,63,0.757638,0.38937999999999995
2025-07-15 22:31:29.614773,0.129639888,5,63,0.851391,0.35240800000000005
2025-07-15 22:31:31.676923,0.470201816,5,62,0.9071,0.35235700000000003
2025-07-15 22:31:33.777393,0.133240996,5,64,1.000947,0.31455500000000003
2025-07-15 22:31:35.839456,0.102374356,7,66,0.959196,0.31444799999999995
2025-07-15 22:31:37.939442,0.465057376,7,70,0.867663,0.27975700000000003
2025-07-15 22:31:40.002369,0.6728927520000001,7,75,0.812521,0.277285
2025-07-15 22:31:42.064873,0.06944994,7,78,0.7578320000000001,0.27696200000000004
2025-07-15 22:31:44.127395,0.021606648,7,81,0.703387,0.276733
2025-07-15 22:31:46.227103,0.042184408,7,81,0.612235,0.23991600000000002
2025-07-15 22:31:48.289565,0.4244162999999999,7,79,0.557547,0.23978
2025-07-15 22:31:50.389950,0.165136524,7,75,0.46989499999999995,0.20441399999999998
2025-07-15 22:31:52.452063,0.348278588,7,71,0.416558,0.20204900000000003
2025-07-15 22:31:54.552495,0.013889988,7,70,0.323983,0.16469900000000004
2025-07-15 22:31:56.614542,0.117807676,7,71,0.26946099999999995,0.16466499999999995
2025-07-15 22:31:58.714578,0.0452710719999999,7,73,0.17732099999999995,0.12737699999999996
2025-07-15 22:32:00.777199,0.083339928,8,75,0.12252600000000002,0.12735300000000005
2025-07-15 22:32:02.877139,0.054531064,10,77,0.03125100000000003,0.09199400000000002
2025-07-15 22:32:04.939998,2.030510468,15,86,0.023385,0.089341
2025-07-15 22:32:07.039895,2.06034822,21,93,0.117178,0.05171700000000001
2025-07-15 22:32:09.102289,0.773209332,26,96,0.174541,0.05221100000000001
2025-07-15 22:32:11.215990,1.057696864,28,95,0.283064,0.019330999999999987
2025-07-15 22:32:13.264766,1.205342292,25,95,0.325596,0.033441000000000054
2025-07-15 22:32:15.378633,0.04115552,25,89,0.430286,0.01934899999999995
2025-07-15 22:32:17.427653,0.466086264,25,83,0.469967,0.033135000000000026
2025-07-15 22:32:19.527325,0.237673128,25,85,0.562685,0.03339000000000003
2025-07-15 22:32:21.590138,0.047843292,25,86,0.617128,0.032923000000000036
2025-07-15 22:32:23.689842,0.034982192,25,84,0.708616,0.033248000000000055
2025-07-15 22:32:25.766248,0.053502176,25,81,0.775854,0.019611999999999963
2025-07-15 22:32:27.852503,0.155876532,25,78,0.85324,0.014276999999999984
2025-07-15 22:32:29.915043,0.390462996,26,75,0.909311,0.033128999999999964
2025-07-15 22:32:32.028855,0.2114364839999999,27,74,0.993124,0.019881000000000038
2025-07-15 22:32:34.077612,0.05916106,29,74,0.951242,0.033399999999999985
2025-07-15 22:32:36.177490,0.331301936,29,75,0.8584229999999999,0.033698000000000006
2025-07-15 22:32:38.240142,0.131697664,29,75,0.803961,0.03312599999999999
2025-07-15 22:32:40.302899,0.350850808,30,77,0.747761,0.03329700000000002
2025-07-15 22:32:42.365041,0.045785516,32,75,0.694337,0.03317000000000003
2025-07-15 22:32:44.427927,0.117293232,32,72,0.6394880000000001,0.03312700000000002
2025-07-15 22:32:46.490236,0.0113177679999999,37,70,0.5866739999999999,0.03312700000000002
2025-07-15 22:32:48.552134,0.061218836,37,67,0.533434,0.03400599999999998
2025-07-15 22:32:50.615156,0.04629996,37,67,0.479529,0.033498999999999945
2025-07-15 22:32:52.677681,0.034982192,40,69,0.426246,0.03359500000000004
2025-07-15 22:32:54.740156,0.103403244,43,71,0.37207900000000005,0.03364699999999998
2025-07-15 22:32:56.802704,0.131697664,43,72,0.31890700000000005,0.03326899999999999
2025-07-15 22:32:58.865182,0.040126632,42,72,0.264421,0.03323100000000001
2025-07-15 22:33:00.927702,0.026751088,38,72,0.21144300000000005,0.033870999999999984
2025-07-15 22:33:02.990396,0.084368816,33,74,0.15642500000000004,0.033304
2025-07-15 22:33:05.052935,0.039097744,30,75,0.10208799999999996,0.03352999999999995
2025-07-15 22:33:07.115766,0.27779976,28,75,0.04725299999999999,0.03346800000000005
2025-07-15 22:33:09.178321,0.023664424,26,74,0.007664,0.03288199999999997
2025-07-15 22:33:11.240751,0.057617728,27,72,0.061965,0.032945
2025-07-15 22:33:13.303269,0.075623268,29,71,0.115129,0.03547599999999995
2025-07-15 22:33:15.365790,0.12346656,31,73,0.168803,0.03360099999999999
2025-07-15 22:33:17.427931,0.073565492,31,73,0.22316,0.03365600000000002
2025-07-15 22:33:19.490818,0.089513256,31,71,0.279591,0.03321600000000002
2025-07-15 22:33:21.553359,0.0226355359999999,31,69,0.335436,0.03336600000000001
2025-07-15 22:33:23.615897,0.033953304,31,64,0.391632,0.03290499999999996
2025-07-15 22:33:25.678606,0.078709932,30,63,0.445051,0.033160999999999996
2025-07-15 22:33:27.741005,0.032409972,29,63,0.498304,0.03382200000000002
2025-07-15 22:33:29.803133,0.0607043919999999,27,65,0.551633,0.03356400000000004
2025-07-15 22:33:31.865635,0.080253264,25,66,0.605296,0.03324899999999997
2025-07-15 22:33:33.965756,0.066363276,25,66,0.696947,0.033302000000000054
2025-07-15 22:33:36.028210,0.261337552,25,67,0.752965,0.03324700000000003
2025-07-15 22:33:38.090676,0.089513256,24,66,0.809007,0.033607000000000053
2025-07-15 22:33:40.153397,0.035496636,22,67,0.863422,0.033138
2025-07-15 22:33:42.216165,0.025207756,22,68,0.91717,0.032936999999999994
2025-07-15 22:33:44.278303,0.023664424,17,68,0.971448,0.033750999999999975
2025-07-15 22:33:46.341226,0.065334388,17,67,0.980319,0.03283999999999998
2025-07-15 22:33:48.403781,0.016462208,14,66,0.924227,0.05108400000000002
2025-07-15 22:33:50.466029,0.011832212,11,66,0.868519,0.033116000000000034
2025-07-15 22:33:52.528441,0.0257222,10,67,0.812816,0.033273
2025-07-15 22:33:54.591403,0.0113177679999999,9,69,0.7563489999999999,0.03280799999999995
2025-07-15 22:33:56.653534,0.026751088,8,71,0.700917,0.03357500000000002
2025-07-15 22:33:58.715978,0.026751088,7,73,0.645233,0.03325599999999995
2025-07-15 22:34:00.816249,0.036525524,5,75,0.55169,0.033241999999999994
2025-07-15 22:34:02.878756,0.029323308,5,77,0.49557399999999996,0.033333999999999975
2025-07-15 22:34:04.978698,0.034467748,5,78,0.402285,0.03347699999999998
2025-07-15 22:34:07.041554,0.0452710719999999,4,81,0.34595,0.033262000000000014
2025-07-15 22:34:09.103689,0.023664424,2,84,0.290516,0.03364699999999998
2025-07-15 22:34:11.166159,0.0113177679999999,0,87,0.234703,0.03346300000000002
2025-07-15 22:34:13.229197,0.0257222,0,91,0.178184,0.03293500000000005
2025-07-15 22:34:15.291678,0.010803324,0,94,0.12397599999999998,0.033301000000000025
2025-07-15 22:34:17.354250,0.01800554,0,96,0.06985399999999997,0.033362
2025-07-15 22:34:19.416366,0.011832212,0,96,0.01686299999999996,0.03365700000000005
2025-07-15 22:34:21.479458,0.003601108,0,93,0.037792,0.03325
2025-07-15 22:34:23.541580,0.014918876,0,89,0.090516,0.033486000000000016
2025-07-15 22:34:25.604034,0.007202216,0,83,0.146405,0.03315999999999997
2025-07-15 22:34:27.666848,0.12603878,0,77,0.202444,0.033567000000000013
2025-07-15 22:34:29.729398,0.086426592,0,74,0.258202,0.032935999999999965
2025-07-15 22:34:31.791899,0.008745548,0,74,0.313953,0.03314399999999995
2025-07-15 22:34:33.854293,0.006687772,0,75,0.367532,0.03303199999999995
2025-07-15 22:34:35.916707,0.022121092,0,74,0.42207,0.03338799999999997
2025-07-15 22:34:37.979562,0.020063316,0,74,0.476416,0.03322599999999998
2025-07-15 22:34:40.041965,0.025207756,0,74,0.529665,0.033299999999999996
2025-07-15 22:34:42.104565,0.0257222,0,74,0.583461,0.03325800000000001
2025-07-15 22:34:44.167062,0.256193112,0,73,0.638521,0.032957000000000014
2025-07-15 22:34:46.229624,0.314325284,0,72,0.694122,0.03398599999999996
2025-07-15 22:34:48.292009,0.036525524,0,70,0.749764,0.033201999999999954
2025-07-15 22:34:50.354254,0.008231104,0,71,0.804793,0.03392600000000001
2025-07-15 22:34:52.417209,0.014404432,0,75,0.861351,0.03295499999999996
2025-07-15 22:34:54.479803,0.023664424,0,79,0.917454,0.03301399999999999
2025-07-15 22:34:56.542295,0.020063316,0,81,0.973462,0.033116000000000034
2025-07-15 22:34:58.604481,0.037039968,0,81,0.98509,0.03387399999999996
2025-07-15 22:35:00.667027,0.165650968,0,77,0.930555,0.03339800000000004
2025-07-15 22:35:02.729835,0.257222,0,72,0.875818,0.03313200000000005
2025-07-15 22:35:04.792044,0.013375544,0,67,0.822943,0.034155000000000046
2025-07-15 22:35:06.854974,0.104432132,0,64,0.76935,0.033084
2025-07-15 22:35:08.917148,0.04629996,0,64,0.715387,0.03331300000000004
2025-07-15 22:35:10.980150,0.014404432,0,66,0.6613180000000001,0.03326700000000005
2025-07-15 22:35:13.042420,0.006173328,0,68,0.6070880000000001,0.033138
2025-07-15 22:35:15.105300,0.024693312,0,70,0.552192,0.03282799999999997
2025-07-15 22:35:17.167646,0.019034428,0,72,0.49784799999999996,0.03364299999999998
2025-07-15 22:35:19.230024,0.023664424,0,73,0.44345900000000005,0.033187999999999995
2025-07-15 22:35:21.292926,0.035496636,0,73,0.388614,0.03290000000000004
2025-07-15 22:35:23.354850,0.020063316,0,73,0.33414900000000003,0.033389
2025-07-15 22:35:25.417497,0.038068856,0,73,0.27829400000000004,0.03317800000000004
2025-07-15 22:35:27.480464,0.00771666,0,73,0.221962,0.03345200000000004
2025-07-15 22:35:29.542759,0.078709932,0,74,0.16693899999999995,0.033187999999999995
2025-07-15 22:35:31.605595,0.111119904,0,74,0.11112900000000003,0.03276199999999996
2025-07-15 22:35:33.667930,0.049901068,0,75,0.05774900000000005,0.032972
2025-07-15 22:35:35.730519,0.034467748,0,76,0.0032929999999999904,0.03282499999999999
2025-07-15 22:35:37.792795,0.06173328,0,77,0.053099,0.032931000000000044
2025-07-15 22:35:39.854993,0.076137712,0,77,0.10859,0.03352100000000002
2025-07-15 22:35:41.918110,0.061218836,0,77,0.162575,0.03325599999999995
2025-07-15 22:35:43.980604,0.04115552,0,77,0.216278,0.033023000000000025
2025-07-15 22:35:46.042759,0.0226355359999999,0,76,0.268865,0.033618999999999954
2025-07-15 22:35:48.105299,0.011832212,0,76,0.323546,0.033725000000000005
2025-07-15 22:35:50.168011,0.004115552,0,76,0.376995,0.033472999999999975
2025-07-15 22:35:52.230384,0.022121092,0,76,0.430955,0.033645000000000036
2025-07-15 22:35:54.292980,0.045785516,0,76,0.484925,0.03342299999999998
2025-07-15 22:35:56.355887,0.0056588839999999,0,75,0.539253,0.033219
2025-07-15 22:35:58.418376,0.01800554,0,75,0.593606,0.03302400000000005
2025-07-15 22:36:00.480985,0.053502176,0,74,0.649852,0.03287799999999996
2025-07-15 22:36:02.543030,0.098258804,0,75,0.706428,0.03331899999999999
2025-07-15 22:36:04.605474,0.084368816,0,75,0.763687,0.03352999999999995
2025-07-15 22:36:06.668518,0.404352984,0,76,0.82154,0.03292700000000004
2025-07-15 22:36:08.731303,0.31123862,0,76,0.877508,0.03309300000000004
2025-07-15 22:36:10.793475,3.664899056,5,92,0.933313,0.033111
2025-07-15 22:36:12.855800,3.866561104,10,99,0.989242,0.03300000000000003
2025-07-15 22:36:14.918284,3.80431338,20,108,0.958867,0.033067999999999986
2025-07-15 22:36:16.980717,3.766758968,25,116,0.902794,0.03321099999999999
2025-07-15 22:36:19.043445,3.537316944,30,124,0.846615,0.03359699999999999
2025-07-15 22:36:21.105978,3.4210526000000003,36,117,0.791396,0.03349000000000002
2025-07-15 22:36:23.206164,3.753897868,42,113,0.698556,0.033511999999999986
2025-07-15 22:36:25.268654,3.785793396,48,112,0.6431009999999999,0.03369599999999995
2025-07-15 22:36:27.331444,3.838266684,54,110,0.5871310000000001,0.033194999999999975
2025-07-15 22:36:29.393602,3.696794584,60,115,0.534332,0.03631099999999998
2025-07-15 22:36:31.456141,3.820775588,66,118,0.48067800000000005,0.03328500000000001
2025-07-15 22:36:33.518749,3.912861064,72,121,0.42610499999999996,0.034016000000000046
2025-07-15 22:36:35.581689,4.140759756,78,129,0.37282000000000004,0.03275600000000001
2025-07-15 22:36:37.644318,3.815631148,84,132,0.31998800000000005,0.033663
2025-07-15 22:36:39.706831,3.639176856,90,138,0.265799,0.03337100000000004
2025-07-15 22:36:41.806519,4.279659636000001,96,147,0.178234,0.03321099999999999
2025-07-15 22:36:43.869416,3.8969133,102,152,0.12358800000000003,0.03340500000000002
2025-07-15 22:36:45.931919,4.019350972,107,146,0.069604,0.03296699999999997
2025-07-15 22:36:47.994189,4.0898298,113,145,0.014956999999999998,0.03344999999999998
2025-07-15 22:36:50.094255,4.43193506,119,139,0.078299,0.03335900000000003
2025-07-15 22:36:52.156697,3.89176886,125,133,0.134442,0.03336300000000003
2025-07-15 22:36:54.257139,4.122754216,131,137,0.225425,0.03295400000000004
2025-07-15 22:36:56.319317,3.945271036,137,133,0.277737,0.03320400000000001
2025-07-15 22:36:58.382155,3.62425798,142,137,0.331731,0.033580000000000054
2025-07-15 22:37:00.444427,3.3829837439999997,147,137,0.387538,0.03327100000000005
2025-07-15 22:37:02.507293,3.208072784,153,134,0.441942,0.03280700000000003
2025-07-15 22:37:04.569710,3.301187148,159,136,0.496405,0.03288599999999997
2025-07-15 22:37:06.632264,3.630945752,159,132,0.550861,0.03287200000000001
2025-07-15 22:37:08.694818,3.519311404,160,135,0.602333,0.03296699999999997
2025-07-15 22:37:10.757325,3.654610176,161,133,0.65666,0.03347100000000003
2025-07-15 22:37:12.819859,3.23585276,162,129,0.710517,0.033120999999999956
2025-07-15 22:37:14.882393,3.5316580600000003,163,130,0.76411,0.03329599999999999
2025-07-15 22:37:16.944961,3.73229122,164,134,0.817821,0.033546999999999993
2025-07-15 22:37:19.007244,3.610367992,163,136,0.871562,0.03379299999999996
2025-07-15 22:37:21.070044,3.414364828,162,147,0.926698,0.033143000000000034
2025-07-15 22:37:23.132279,3.6139691,161,146,0.980454,0.033518999999999965
2025-07-15 22:37:25.194810,3.681361264,161,149,0.972486,0.033196
2025-07-15 22:37:27.257297,3.651523512,161,149,0.918668,0.033977000000000035
2025-07-15 22:37:29.320213,3.6000791120000004,161,149,0.864441,0.033398999999999957
2025-07-15 22:37:31.382972,3.62940242,160,150,0.807893,0.03319000000000005
2025-07-15 22:37:33.445440,3.141195064,160,149,0.75194,0.032810000000000006
2025-07-15 22:37:35.507665,2.9981796320000003,159,147,0.696463,0.033420000000000005
2025-07-15 22:37:37.570103,3.1123862,159,146,0.640543,0.03351099999999996
2025-07-15 22:37:39.632959,3.567154696,158,147,0.58439,0.03329700000000002
2025-07-15 22:37:41.695581,3.1772061440000003,159,146,0.528294,0.03296699999999997
2025-07-15 22:37:43.758088,3.245627196,158,146,0.472263,0.03322400000000003
2025-07-15 22:37:45.820322,3.424653708,158,146,0.41654599999999997,0.03327000000000002
2025-07-15 22:37:47.883309,3.65769684,158,147,0.360293,0.03274200000000005
2025-07-15 22:37:49.945705,3.185437248,158,148,0.30439400000000005,0.03334599999999999
2025-07-15 22:37:52.007420,3.2718638400000004,157,149,0.24956199999999995,0.03393299999999999
2025-07-15 22:37:54.071662,2.705460996,158,143,0.19164499999999995,0.03529800000000005
2025-07-15 22:37:56.132934,1.151325672,158,137,0.13759200000000005,0.033584999999999976
2025-07-15 22:37:58.195557,0.634823896,157,136,0.082507,0.03390199999999999
2025-07-15 22:38:00.258084,0.677008304,156,109,0.02806900000000001,0.03364100000000003
2025-07-15 22:38:02.320834,0.312267508,151,105,0.026417,0.03314600000000001
2025-07-15 22:38:04.383208,0.194974276,145,110,0.08088,0.03370799999999996
2025-07-15 22:38:06.445992,0.483062916,139,115,0.134561,0.051854999999999984
2025-07-15 22:38:08.508176,0.39097744,136,140,0.186347,0.03353099999999998
2025-07-15 22:38:10.570882,0.02829442,130,144,0.239558,0.03359599999999996
2025-07-15 22:38:12.633290,0.04887218,124,143,0.29314,0.03370899999999999
2025-07-15 22:38:14.696273,0.019034428,119,142,0.34687,0.03296100000000002
2025-07-15 22:38:16.758398,0.06687772,114,140,0.401764,0.03338300000000005
2025-07-15 22:38:18.821335,0.015947764,109,138,0.457845,0.033147999999999955
2025-07-15 22:38:20.883969,0.021606648,103,137,0.51107,0.03281299999999998
2025-07-15 22:38:22.946363,0.025207756,97,135,0.565845,0.035785999999999984
2025-07-15 22:38:25.008538,0.01800554,91,135,0.615713,0.033394000000000035
2025-07-15 22:38:27.071287,0.019548872,91,134,0.669867,0.033260999999999985
2025-07-15 22:38:29.133953,0.0375544119999999,92,131,0.723574,0.03307099999999996
2025-07-15 22:38:31.196643,0.04115552,92,130,0.777915,0.033050000000000024
2025-07-15 22:38:33.259146,0.017491096,93,129,0.832553,0.032935999999999965
2025-07-15 22:38:35.321679,0.0113177679999999,93,127,0.885874,0.03292799999999996
2025-07-15 22:38:37.384187,0.051958844,94,127,0.939122,0.03294399999999997
2025-07-15 22:38:39.446745,0.00257222,94,125,0.991726,0.033506999999999953
2025-07-15 22:38:41.509324,0.04115552,90,125,0.963409,0.03324300000000002
2025-07-15 22:38:43.571635,0.058646616,89,124,0.909899,0.03334300000000001
2025-07-15 22:38:45.634362,0.071507716,83,123,0.856018,0.03295099999999995
2025-07-15 22:38:47.696915,0.010803324,78,121,0.803286,0.033587000000000033
2025-07-15 22:38:49.759460,0.040641076,74,121,0.7495229999999999,0.03348399999999996
2025-07-15 22:38:51.822068,0.012346656,72,119,0.694984,0.03292799999999996
2025-07-15 22:38:53.884581,0.043213296,67,118,0.640423,0.03317400000000004
2025-07-15 22:38:55.947225,0.0128611,62,117,0.585761,0.033074999999999966
2025-07-15 22:38:58.009689,0.008745548,62,115,0.5314300000000001,0.033420000000000005
2025-07-15 22:39:00.072190,0.034467748,62,113,0.47682899999999995,0.03325800000000001
2025-07-15 22:39:02.134844,0.013375544,62,112,0.42253399999999997,0.03299399999999997
2025-07-15 22:39:04.196921,0.03343886,64,110,0.368753,0.03574100000000002
2025-07-15 22:39:06.259539,0.039097744,69,109,0.31560600000000005,0.033440000000000025
2025-07-15 22:39:08.322456,0.048357736,69,107,0.260991,0.03328500000000001
2025-07-15 22:39:10.384634,0.070993272,71,110,0.206943,0.03335200000000005
2025-07-15 22:39:12.447217,0.04887218,73,88,0.15254500000000004,0.05235500000000004
2025-07-15 22:39:14.509971,0.013889988,75,82,0.09633999999999998,0.05179900000000004
2025-07-15 22:39:16.572367,0.04629996,77,71,0.040605,0.05237599999999998
2025-07-15 22:39:18.635119,0.067906608,79,54,0.0156,0.051895000000000024
2025-07-15 22:39:20.697776,0.104432132,81,54,0.071554,0.05218500000000004
2025-07-15 22:39:22.759917,0.13375544,80,54,0.124329,0.05222700000000002
2025-07-15 22:39:24.822392,0.076652156,79,54,0.178235,0.05222300000000002
2025-07-15 22:39:26.922661,0.157934308,75,54,0.270002,0.03305400000000003
2025-07-15 22:39:28.985353,0.032409972,69,54,0.325084,0.03554299999999999
2025-07-15 22:39:31.085152,0.055045508,65,53,0.418037,0.03324000000000005
2025-07-15 22:39:33.147655,0.067906608,61,58,0.473697,0.03323600000000004
2025-07-15 22:39:35.247792,0.067906608,57,61,0.567514,0.033111
2025-07-15 22:39:37.310339,0.034467748,53,58,0.623141,0.033591999999999955
2025-07-15 22:39:39.410381,0.0375544119999999,52,54,0.714161,0.03365499999999999
2025-07-15 22:39:41.473209,0.013889988,47,56,0.768898,0.03328600000000004
2025-07-15 22:39:43.572930,0.0375544119999999,47,57,0.861193,0.033472999999999975
2025-07-15 22:39:45.635465,0.034982192,47,62,0.914609,0.033294000000000046
2025-07-15 22:39:47.735594,0.043213296,46,79,1.0035370000000001,0.03369599999999995
2025-07-15 22:39:49.798158,0.067906608,46,98,0.94919,0.03325199999999995
2025-07-15 22:39:51.898263,0.0303521959999999,46,88,0.857761,0.03358399999999995
2025-07-15 22:39:53.974526,0.27522754,46,88,0.791856,0.019294000000000033
2025-07-15 22:39:56.061020,0.060189948,46,88,0.714556,0.03628600000000004
2025-07-15 22:39:58.123248,0.0514444,46,88,0.661808,0.03346499999999997
2025-07-15 22:40:00.223353,0.098258804,41,88,0.570012,0.03328299999999995
2025-07-15 22:40:02.286023,0.04372774,36,88,0.51393,0.033227000000000007
2025-07-15 22:40:04.386086,0.043213296,36,88,0.420594,0.03317800000000004
2025-07-15 22:40:06.448386,0.0303521959999999,34,88,0.36485500000000004,0.051687999999999956
2025-07-15 22:40:08.549140,0.027779976,32,44,0.27080800000000005,0.03274100000000002
2025-07-15 22:40:10.611102,0.073051048,32,40,0.21569700000000003,0.033524
2025-07-15 22:40:12.711188,0.093114364,30,40,0.12448999999999999,0.03319799999999995
2025-07-15 22:40:14.787559,0.012346656,28,40,0.05823699999999998,0.01954199999999995
2025-07-15 22:40:16.836689,0.02057776,26,40,0.018985999999999947,0.03289500000000001
2025-07-15 22:40:18.899135,0.024178868,21,40,0.034731,0.05217099999999997
2025-07-15 22:40:20.999147,0.0303521959999999,16,40,0.125543,0.05183199999999999
2025-07-15 22:40:23.061732,0.062247724,19,40,0.180389,0.032903000000000016
2025-07-15 22:40:25.161491,0.038068856,19,40,0.273653,0.03366000000000002
2025-07-15 22:40:27.224305,0.066363276,22,40,0.330297,0.03306399999999998
2025-07-15 22:40:29.324491,0.076137712,20,40,0.424295,0.03339800000000004
2025-07-15 22:40:31.386775,0.03343886,18,40,0.47989,0.03332299999999999
2025-07-15 22:40:33.486718,0.046814404,22,40,0.573494,0.033580000000000054
2025-07-15 22:40:35.549212,0.026751088,27,40,0.629149,0.033115000000000006
2025-07-15 22:40:37.649227,0.081796596,32,40,0.724071,0.033054999999999946
2025-07-15 22:40:39.711722,0.024178868,37,46,0.781688,0.033385
2025-07-15 22:40:41.812131,0.075623268,42,125,0.875981,0.033219
2025-07-15 22:40:43.874554,0.06173328,46,125,0.931449,0.03320299999999998
2025-07-15 22:40:45.974728,0.067906608,54,115,0.986648,0.014521000000000006
2025-07-15 22:40:48.037525,0.018519984,59,100,0.933769,0.05235999999999996
2025-07-15 22:40:50.137565,0.031381084,64,100,0.84239,0.03299099999999999
2025-07-15 22:40:52.199909,0.00514444,69,100,0.787743,0.03317400000000004
2025-07-15 22:40:54.300075,0.022121092,69,78,0.69628,0.033047999999999966
2025-07-15 22:40:56.362459,0.03601108,69,41,0.642798,0.033698000000000006
2025-07-15 22:40:58.462369,0.012346656,70,57,0.550022,0.03334899999999996
2025-07-15 22:41:00.524878,0.028808864,70,64,0.494467,0.033831000000000055
2025-07-15 22:41:02.625153,0.013375544,70,65,0.40317400000000003,0.03355399999999997
2025-07-15 22:41:04.687551,0.027779976,71,87,0.34964399999999995,0.033757999999999955
2025-07-15 22:41:06.787735,0.080767708,69,87,0.25616799999999995,0.033102999999999994
2025-07-15 22:41:08.850331,0.09259992,69,87,0.20052000000000003,0.033111
2025-07-15 22:41:10.950390,0.041669964,70,87,0.10761399999999999,0.033219
2025-07-15 22:41:13.013017,0.104946576,70,86,0.054605000000000015,0.03334899999999996
2025-07-15 22:41:15.112814,0.083854372,70,82,0.038725,0.03381199999999995
2025-07-15 22:41:17.175361,0.047843292,70,77,0.094498,0.03347100000000003
2025-07-15 22:41:19.275613,0.0514444,66,74,0.18575,0.033335000000000004
2025-07-15 22:41:21.338246,0.050929956,67,74,0.240134,0.03303400000000001
2025-07-15 22:41:23.438065,0.054531064,62,76,0.333342,0.03600599999999998
2025-07-15 22:41:25.500577,0.012346656,62,80,0.389252,0.03360300000000005
2025-07-15 22:41:27.600685,0.036525524,64,85,0.482695,0.03325
2025-07-15 22:41:29.663590,0.08745548,60,87,0.536815,0.032877000000000045
2025-07-15 22:41:31.763468,0.05658884,56,88,0.627471,0.033174999999999955
2025-07-15 22:41:33.826020,0.0113177679999999,53,88,0.680776,0.033412
2025-07-15 22:41:35.888424,0.049386624,50,87,0.736797,0.033706000000000014
2025-07-15 22:41:37.950919,0.008231104,47,93,0.792607,0.036309000000000036
2025-07-15 22:41:40.013639,0.102374356,42,93,0.848296,0.05219600000000002
2025-07-15 22:41:42.076041,0.107518796,37,92,0.901081,0.052563000000000026
2025-07-15 22:41:44.139082,0.073565492,34,92,0.955966,0.051899999999999946
2025-07-15 22:41:46.201116,0.047843292,27,87,1.0005220000000001,0.05215000000000003
2025-07-15 22:41:48.263913,0.224812028,22,88,0.94561,0.052310999999999996
2025-07-15 22:41:50.326261,0.063276612,28,90,0.889549,0.052312000000000025
2025-07-15 22:41:52.390355,0.194974276,28,92,0.83418,0.05073300000000003
2025-07-15 22:41:54.451395,0.052473288,28,93,0.779316,0.05246600000000001
2025-07-15 22:41:56.514059,0.052473288,30,93,0.72512,0.07079899999999995
2025-07-15 22:41:58.576472,0.016462208,30,93,0.6696219999999999,0.07076499999999997
2025-07-15 22:42:00.639472,0.11060546,29,93,0.616614,0.07046300000000005
2025-07-15 22:42:02.701924,0.10546102,29,93,0.562565,0.07046799999999998
2025-07-15 22:42:04.764636,0.129125444,29,91,0.507458,0.07061200000000001
2025-07-15 22:42:06.827476,0.098258804,28,90,0.45312699999999995,0.07035499999999995
2025-07-15 22:42:08.889691,0.01543332,29,89,0.397663,0.07033100000000003
2025-07-15 22:42:10.952211,0.698100508,31,90,0.341766,0.07052099999999994
2025-07-15 22:42:13.014785,1.2346656,33,90,0.28615500000000005,0.07064599999999999
2025-07-15 22:42:15.077347,2.189988108,37,100,0.23038800000000004,0.07082500000000003
2025-07-15 22:42:17.139520,2.214166976,41,99,0.17465299999999995,0.07097299999999995
2025-07-15 22:42:19.202058,2.523862264,46,111,0.12069799999999997,0.07123900000000005
2025-07-15 22:42:21.264656,2.6344677240000003,51,122,0.06685300000000005,0.07100200000000001
2025-07-15 22:42:23.327586,2.622121068,54,130,0.01070199999999999,0.07081199999999999
2025-07-15 22:42:25.389802,2.467787868,57,138,0.044672,0.07140400000000002
2025-07-15 22:42:27.452303,2.487851184,61,144,0.100567,0.07138800000000001
2025-07-15 22:42:29.515011,2.282073584,64,133,0.156694,0.07091000000000003
2025-07-15 22:42:31.577383,2.704432108,67,125,0.212497,0.070805
2025-07-15 22:42:33.640354,2.490423404,70,125,0.266436,0.07091199999999998
2025-07-15 22:42:35.702540,2.847961984,74,117,0.319038,0.07070399999999999
2025-07-15 22:42:37.765369,2.588167764,79,117,0.373076,0.07049899999999998
2025-07-15 22:42:39.827975,1.152869004,82,116,0.426819,0.07042099999999996
2025-07-15 22:42:41.890473,2.848476428,85,116,0.480025,0.070666
2025-07-15 22:42:43.953099,2.78056982,89,107,0.53586,0.070693
2025-07-15 22:42:46.015870,2.3113968920000003,94,107,0.591922,0.070828
2025-07-15 22:42:48.115465,2.755876508,93,109,0.684753,0.033572000000000046
2025-07-15 22:42:50.178218,2.547012244,98,111,0.740953,0.03319799999999995
2025-07-15 22:42:52.277994,1.906529464,102,124,0.83395,0.033332999999999946
2025-07-15 22:42:54.340480,2.435377896,105,126,0.889843,0.03379399999999999
2025-07-15 22:42:56.403610,1.918361676,110,125,0.942662,0.03309300000000004
2025-07-15 22:42:58.466067,1.914760568,115,127,0.996301,0.032833
2025-07-15 22:43:00.566241,2.781084264,125,128,0.918312,0.07379000000000002
2025-07-15 22:43:02.628420,2.8886030600000003,130,132,0.864949,0.03309099999999998
2025-07-15 22:43:04.691159,2.872655296,134,132,0.808647,0.03365399999999996
2025-07-15 22:43:06.753432,3.104155096,138,133,0.754977,0.033286999999999956
2025-07-15 22:43:08.815856,2.745587628,141,134,0.6975640000000001,0.033779
2025-07-15 22:43:10.878289,3.026474052,141,134,0.640045,0.03322899999999995
2025-07-15 22:43:12.941060,2.740957632,141,136,0.583653,0.033663
2025-07-15 22:43:15.003848,2.926157472,141,135,0.527365,0.03317999999999999
2025-07-15 22:43:17.066134,3.209616116,141,140,0.47128800000000004,0.03368800000000005
2025-07-15 22:43:19.128988,2.7779976000000004,141,135,0.41466400000000003,0.033070000000000044
2025-07-15 22:43:21.191705,2.502255616,141,138,0.358287,0.03290099999999996
2025-07-15 22:43:23.253746,3.0146418400000004,142,136,0.30262999999999995,0.033335000000000004
2025-07-15 22:43:25.316835,2.480134524,142,138,0.245931,0.03323799999999999
2025-07-15 22:43:27.379247,2.949307452,142,137,0.18986400000000003,0.032923000000000036
2025-07-15 22:43:29.441499,2.684368792,142,135,0.134305,0.03395999999999999
2025-07-15 22:43:31.504448,2.5135733840000003,142,134,0.07789199999999996,0.032835999999999976
2025-07-15 22:43:33.566905,2.982746312,143,133,0.02415999999999996,0.03366100000000005
2025-07-15 22:43:35.630403,2.27384248,143,135,0.031183,0.03256899999999996
2025-07-15 22:43:37.691636,2.68539768,143,134,0.084423,0.03325699999999998
2025-07-15 22:43:39.754558,2.6169766279999997,143,136,0.13925,0.033420000000000005
2025-07-15 22:43:41.817107,2.1853581120000003,143,135,0.192716,0.03295199999999998
2025-07-15 22:43:43.879360,2.758963172,143,138,0.245866,0.033453999999999984
2025-07-15 22:43:45.941848,2.733755416,143,136,0.300625,0.033791000000000015
2025-07-15 22:43:48.004553,2.5999999760000003,143,138,0.356318,0.03311399999999998
2025-07-15 22:43:50.067320,2.94261968,143,139,0.409837,0.033193999999999946
2025-07-15 22:43:52.129583,2.299050236,143,138,0.465221,0.033630999999999966
2025-07-15 22:43:54.192136,2.757934284,143,138,0.520929,0.033784000000000036
2025-07-15 22:43:56.254798,2.39730904,143,142,0.576903,0.03306100000000001
2025-07-15 22:43:58.317615,2.480134524,143,140,0.630477,0.033166999999999947
2025-07-15 22:44:00.379940,1.811871768,143,142,0.683926,0.03334599999999999
2025-07-15 22:44:02.442521,2.3124257800000003,143,143,0.737325,0.033299999999999996
2025-07-15 22:44:04.505268,1.879263932,142,142,0.79109,0.032941
2025-07-15 22:44:06.567723,2.637554388,142,139,0.844141,0.03295800000000004
2025-07-15 22:44:08.630227,2.032568244,142,140,0.89823,0.03326899999999999
2025-07-15 22:44:10.692522,2.553700016,143,141,0.951553,0.033553000000000055
2025-07-15 22:44:12.755465,2.113335952,143,140,1.0008970000000001,0.032914
2025-07-15 22:44:14.818059,2.7178076520000003,143,144,0.946265,0.03386
2025-07-15 22:44:16.917395,2.135971488,143,147,0.855052,0.07436200000000004
2025-07-15 22:44:18.980566,2.289790244,142,145,0.799534,0.03342400000000001
2025-07-15 22:44:21.043347,2.056232668,142,145,0.7463500000000001,0.032968
2025-07-15 22:44:23.105419,2.539810028,142,145,0.6912579999999999,0.033638999999999974
2025-07-15 22:44:25.168279,1.907043908,142,144,0.6368039999999999,0.03334400000000004
2025-07-15 22:44:27.230638,2.596398868,142,143,0.5829679999999999,0.033858000000000055
2025-07-15 22:44:29.293444,2.298535792,141,143,0.52749,0.03291500000000003
2025-07-15 22:44:31.355592,2.4302334560000003,141,142,0.471665,0.033227000000000007
2025-07-15 22:44:33.418573,2.74455874,141,142,0.417508,0.03313200000000005
2025-07-15 22:44:35.480768,2.418915688,141,142,0.36341900000000005,0.03353399999999995
2025-07-15 22:44:37.543850,2.3921646,141,141,0.307072,0.03278800000000004
2025-07-15 22:44:39.605849,2.3252868799999997,141,139,0.251868,0.03360099999999999
2025-07-15 22:44:41.668793,1.483656496,141,140,0.197816,0.03311299999999995
2025-07-15 22:44:43.731389,1.142580124,141,139,0.14439500000000005,0.035506999999999955
2025-07-15 22:44:45.793906,0.773209332,142,139,0.09121100000000004,0.03295999999999999
2025-07-15 22:44:47.856707,0.328729716,143,138,0.034618999999999955,0.15060300000000004
2025-07-15 22:44:49.994112,0.082825484,138,132,0.093669,0.032855999999999996
2025-07-15 22:44:52.056522,0.0128611,133,108,0.147985,0.03303699999999998
2025-07-15 22:44:54.118898,0.025207756,128,104,0.202721,0.03349500000000005
2025-07-15 22:44:56.181810,0.0375544119999999,128,71,0.258943,0.032775
2025-07-15 22:44:58.244204,0.06687772,125,56,0.31475,0.03337199999999996
2025-07-15 22:45:00.306697,0.035496636,121,54,0.370454,0.03318399999999999
2025-07-15 22:45:02.369165,0.03601108,116,63,0.426415,0.033042000000000016
2025-07-15 22:45:04.431541,0.044756628,111,61,0.47978,0.033599000000000045
2025-07-15 22:45:06.494475,0.042184408,106,58,0.533473,0.033089000000000035
2025-07-15 22:45:08.557182,0.029323308,101,49,0.587664,0.03317199999999998
2025-07-15 22:45:10.619601,0.043213296,98,47,0.641711,0.03301200000000004
2025-07-15 22:45:12.682143,0.021606648,93,54,0.697307,0.05139400000000005
2025-07-15 22:45:14.744333,0.0375544119999999,90,63,0.751184,0.051914000000000016
2025-07-15 22:45:16.807191,0.062247724,90,67,0.806489,0.05162100000000003
2025-07-15 22:45:18.869924,0.0375544119999999,85,63,0.862622,0.05151799999999995
2025-07-15 22:45:20.932022,0.045785516,82,43,0.918366,0.05206900000000003
2025-07-15 22:45:22.994941,0.0257222,79,40,0.973204,0.05181100000000005
2025-07-15 22:45:25.057542,0.034467748,76,41,0.981882,0.05175399999999997
2025-07-15 22:45:27.119994,0.011832212,76,41,0.928223,0.051682000000000006
2025-07-15 22:45:29.182540,0.014404432,76,46,0.87442,0.051622999999999974
2025-07-15 22:45:31.244725,0.003086664,71,44,0.821971,0.051966999999999985
2025-07-15 22:45:33.307368,0.011832212,66,44,0.766518,0.05217799999999995
2025-07-15 22:45:35.369883,0.034467748,66,50,0.713892,0.05226299999999995
2025-07-15 22:45:37.432826,0.02314998,66,44,0.659181,0.05182500000000001
2025-07-15 22:45:39.495414,0.0128611,66,48,0.604854,0.05168700000000004
2025-07-15 22:45:41.557847,0.051958844,65,50,0.550729,0.051966999999999985
2025-07-15 22:45:43.620527,0.011832212,64,46,0.494923,0.051760999999999946
2025-07-15 22:45:45.683025,0.027265532,69,47,0.43888499999999997,0.05163899999999999
2025-07-15 22:45:47.745563,0.019034428,74,45,0.385293,0.05155500000000002
2025-07-15 22:45:49.845374,0.0257222,79,40,0.294331,0.033326999999999996
2025-07-15 22:45:51.907984,0.048357736,79,52,0.23957099999999998,0.03310100000000005
2025-07-15 22:45:53.970472,0.029837752,82,97,0.18551799999999996,0.03366199999999997
2025-07-15 22:45:56.033449,0.047328848,86,68,0.12970899999999996,0.03275399999999995
2025-07-15 22:45:58.095430,0.029323308,91,53,0.07492100000000002,0.033672000000000035
2025-07-15 22:46:00.158149,0.034982192,96,55,0.01954800000000001,0.03336899999999998
2025-07-15 22:46:02.220836,0.0113177679999999,100,52,0.033526,0.03343600000000002
2025-07-15 22:46:04.283322,0.0529877319999999,105,49,0.087725,0.033030000000000004
2025-07-15 22:46:06.345676,0.011832212,108,43,0.141285,0.03374299999999997
2025-07-15 22:46:08.408228,0.040641076,108,46,0.196018,0.03355699999999995
2025-07-15 22:46:10.470890,0.058646616,106,46,0.252254,0.033418999999999977
2025-07-15 22:46:12.533739,0.185714284,107,66,0.30856,0.032896999999999954
2025-07-15 22:46:14.596298,0.062762168,107,58,0.364714,0.033128999999999964
2025-07-15 22:46:16.658851,0.036525524,111,68,0.420737,0.03290700000000002
2025-07-15 22:46:18.721038,0.217095368,115,78,0.473927,0.03372299999999995
2025-07-15 22:46:20.783963,0.03343886,118,75,0.527958,0.032941
2025-07-15 22:46:22.846522,0.128096556,118,90,0.582414,0.03286599999999995
2025-07-15 22:46:24.946266,0.19034428,118,79,0.674131,0.03345699999999996
2025-07-15 22:46:27.008740,0.190858724,118,71,0.728342,0.033433000000000046
2025-07-15 22:46:29.071665,0.104432132,123,69,0.781887,0.033262000000000014
2025-07-15 22:46:31.134064,0.05916106,128,56,0.838074,0.03302099999999997
2025-07-15 22:46:33.196694,0.069964384,129,60,0.894558,0.03531700000000004
2025-07-15 22:46:35.259138,0.096201028,129,69,0.950536,0.03279299999999996
2025-07-15 22:46:37.321699,0.06173328,124,64,0.996826,0.032696999999999976
2025-07-15 22:46:39.384117,0.036525524,119,67,0.940741,0.03284600000000004
2025-07-15 22:46:41.446988,0.047328848,120,51,0.884573,0.03307899999999997
2025-07-15 22:46:43.509527,0.038068856,121,69,0.8287059999999999,0.03282200000000002
2025-07-15 22:46:45.571688,0.039097744,122,70,0.772898,0.033386999999999944
2025-07-15 22:46:47.634844,0.032924416,123,66,0.719004,0.03548499999999999
2025-07-15 22:46:49.697215,0.020063316,124,90,0.665957,0.03285400000000005
2025-07-15 22:46:51.759793,0.029837752,125,91,0.612635,0.033120999999999956
2025-07-15 22:46:53.822030,0.060189948,126,92,0.559362,0.03315199999999996
2025-07-15 22:46:55.884975,0.040641076,127,91,0.5044409999999999,0.03301100000000001
2025-07-15 22:46:57.947555,0.013375544,128,90,0.450194,0.033287999999999984
2025-07-15 22:47:00.009790,0.0226355359999999,129,89,0.39558400000000005,0.03329199999999999
2025-07-15 22:47:02.072524,0.037039968,130,89,0.340977,0.03289900000000001
2025-07-15 22:47:04.134861,0.073051048,136,90,0.286895,0.033174999999999955
2025-07-15 22:47:06.197352,0.092085476,142,91,0.23140899999999998,0.033923000000000036
2025-07-15 22:47:08.259983,0.063276612,142,92,0.17529099999999997,0.033546999999999993
2025-07-15 22:47:10.322403,0.086941036,148,92,0.11946100000000004,0.03397099999999997
2025-07-15 22:47:12.385328,0.012346656,148,92,0.062917,0.03354100000000004
2025-07-15 22:47:14.448165,0.112663236,148,93,0.007491000000000025,0.032691000000000026
2025-07-15 22:47:16.510418,0.139928768,149,93,0.048017,0.03340500000000002
2025-07-15 22:47:18.572639,0.153818756,150,93,0.103512,0.03345600000000004
2025-07-15 22:47:20.635104,0.103917688,151,92,0.159435,0.03349100000000005
2025-07-15 22:47:22.698082,0.149703204,152,92,0.215957,0.033201999999999954
2025-07-15 22:47:24.760625,0.237158684,147,93,0.27175,0.033426999999999985
2025-07-15 22:47:26.822893,0.22121092,148,93,0.327733,0.033359999999999945
2025-07-15 22:47:28.885474,0.094657696,147,92,0.381793,0.034136000000000055
2025-07-15 22:47:30.948298,0.029323308,147,92,0.43812,0.03312999999999999
2025-07-15 22:47:33.010478,0.096715472,147,92,0.49344,0.033955999999999986
2025-07-15 22:47:35.072991,0.060189948,142,93,0.5494,0.03360099999999999
2025-07-15 22:47:37.135577,0.067392164,142,93,0.605269,0.03383599999999998
2025-07-15 22:47:39.198462,0.062762168,136,92,0.661542,0.033030000000000004
2025-07-15 22:47:41.261063,0.065334388,130,92,0.715795,0.033160999999999996
2025-07-15 22:47:43.323583,0.05658884,124,91,0.771832,0.03299099999999999
2025-07-15 22:47:45.386024,0.014918876,118,90,0.827801,0.033607000000000053
2025-07-15 22:47:47.448716,0.009259992,112,90,0.884055,0.03312700000000002
2025-07-15 22:47:49.511269,0.042698852,106,89,0.940175,0.033134
2025-07-15 22:47:51.573486,0.040641076,100,90,0.99497,0.03347599999999995
2025-07-15 22:47:53.636176,0.02314998,88,91,0.960432,0.033246
2025-07-15 22:47:55.698960,0.019548872,82,93,0.905346,0.032870999999999984
2025-07-15 22:47:57.761449,0.081282152,76,95,0.850527,0.033359999999999945
2025-07-15 22:47:59.823710,0.056074396,70,95,0.796443,0.033412
2025-07-15 22:48:01.886749,0.023664424,64,94,0.741419,0.03292700000000004
2025-07-15 22:48:03.948929,0.057103284,58,93,0.68746,0.033332999999999946
2025-07-15 22:48:06.011383,0.029323308,52,92,0.63479,0.03410500000000005
2025-07-15 22:48:08.074314,0.046814404,46,92,0.581136,0.03312599999999999
2025-07-15 22:48:10.136601,0.1214087839999999,40,93,0.527318,0.033658999999999994
2025-07-15 22:48:12.199404,0.071507716,34,94,0.473143,0.03303699999999998
2025-07-15 22:48:14.262109,0.100831024,29,93,0.417277,0.03307199999999999
2025-07-15 22:48:16.324519,0.083339928,25,92,0.361336,0.03323900000000002
2025-07-15 22:48:18.386655,0.0452710719999999,24,91,0.30572600000000005,0.033667
2025-07-15 22:48:20.449582,0.060189948,26,90,0.251787,0.03310100000000005
2025-07-15 22:48:22.511775,0.114206568,21,89,0.19860199999999995,0.03342900000000004
2025-07-15 22:48:24.574709,0.033953304,18,89,0.14195599999999997,0.03291299999999997
2025-07-15 22:48:26.637309,0.0257222,15,89,0.08601499999999995,0.032779
2025-07-15 22:48:28.699418,0.014404432,17,90,0.03024899999999997,0.03368400000000005
2025-07-15 22:48:30.762401,0.024178868,17,91,0.026179,0.033107
2025-07-15 22:48:32.824591,0.013889988,17,92,0.082068,0.033227000000000007
2025-07-15 22:48:34.887453,0.03601108,19,93,0.136107,0.032935999999999965
2025-07-15 22:48:36.949607,0.0375544119999999,19,91,0.188898,0.033684999999999965
2025-07-15 22:48:39.012572,0.06944994,19,90,0.245055,0.03287899999999999
2025-07-15 22:48:41.075122,0.058132172,20,89,0.301166,0.05155200000000004
2025-07-15 22:48:43.137455,0.05658884,25,89,0.357097,0.05177699999999996
2025-07-15 22:48:45.200269,0.107518796,25,90,0.413671,0.051642999999999994
2025-07-15 22:48:47.262788,0.053502176,30,93,0.466607,0.051610000000000045
2025-07-15 22:48:49.325069,0.094657696,35,93,0.520209,0.052039999999999975
2025-07-15 22:48:51.387621,0.0375544119999999,40,92,0.574232,0.052219000000000015
2025-07-15 22:48:53.450064,0.048357736,45,90,0.627802,0.052339000000000024
2025-07-15 22:48:55.513251,0.03343886,50,88,0.681693,0.051476999999999995
2025-07-15 22:48:57.575622,0.03343886,55,88,0.735692,0.05184999999999995
2025-07-15 22:48:59.637905,0.05401662,55,89,0.788202,0.05172100000000002
2025-07-15 22:49:01.700432,0.058132172,55,89,0.840364,0.051861000000000046
2025-07-15 22:49:03.763311,0.043213296,55,90,0.894484,0.05190899999999998
2025-07-15 22:49:05.825807,0.033953304,55,89,0.948099,0.05182500000000001
2025-07-15 22:49:07.888391,0.04887218,55,89,1.001741,0.07037800000000005
2025-07-15 22:49:09.988036,0.031381084,56,90,0.917763,0.03346300000000002
2025-07-15 22:49:12.050577,0.080767708,54,91,0.863675,0.03331799999999996
2025-07-15 22:49:14.113282,0.049386624,49,91,0.8102590000000001,0.03323600000000004
2025-07-15 22:49:16.176168,0.167708744,47,91,0.755289,0.03295400000000004
2025-07-15 22:49:18.238775,0.09259992,47,91,0.70104,0.03311699999999995
2025-07-15 22:49:20.300851,0.155876532,47,92,0.6473180000000001,0.03331099999999998
2025-07-15 22:49:22.363742,0.184685396,45,91,0.592741,0.03317899999999996
2025-07-15 22:49:24.426290,0.16204986,44,91,0.538753,0.03283899999999995
2025-07-15 22:49:26.488464,0.110091016,46,91,0.48467800000000005,0.03369999999999995
2025-07-15 22:49:28.550850,0.1815987319999999,48,90,0.42945199999999994,0.052543000000000006
2025-07-15 22:49:30.613682,0.880728128,48,92,0.37471,0.05188400000000004
2025-07-15 22:49:32.676491,0.292204192,48,93,0.32074800000000003,0.05161199999999999
2025-07-15 22:49:34.738695,0.135298772,49,94,0.26509000000000005,0.05252599999999996
2025-07-15 22:49:36.801271,0.086941036,50,94,0.20810399999999996,0.07270699999999997
2025-07-15 22:49:38.863743,0.058646616,47,95,0.15218900000000002,0.07073499999999999
2025-07-15 22:49:40.926411,0.099802136,47,95,0.097522,0.07076700000000002
2025-07-15 22:49:42.989368,0.03343886,42,94,0.04295199999999999,0.070828
2025-07-15 22:49:45.051466,0.101859912,37,93,0.010812,0.07087600000000005
2025-07-15 22:49:47.151666,0.024693312,32,92,0.102672,0.05212899999999998
2025-07-15 22:49:49.214393,0.091571032,27,93,0.157437,0.054312999999999945
2025-07-15 22:49:51.276993,0.073565492,22,94,0.211695,0.05173099999999997
2025-07-15 22:49:53.339143,0.147130984,17,93,0.263241,0.051973999999999965
2025-07-15 22:49:55.439437,0.438820732,17,92,0.353689,0.03327800000000003
2025-07-15 22:49:57.501753,0.715591604,17,90,0.407384,0.033340999999999954
2025-07-15 22:49:59.564540,0.466600708,17,89,0.46151,0.03313200000000005
2025-07-15 22:50:01.627259,0.343134148,17,89,0.516954,0.08942799999999995
2025-07-15 22:50:03.689946,0.148674316,17,90,0.570651,0.08911999999999998
2025-07-15 22:50:05.752233,0.1507320919999999,15,91,0.624993,0.08938800000000002
2025-07-15 22:50:07.814618,0.133240996,15,90,0.679542,0.108456
2025-07-15 22:50:09.877295,0.323585276,15,90,0.735356,0.10869399999999996
2025-07-15 22:50:11.939643,0.10803324,15,89,0.788665,0.10848899999999995
2025-07-15 22:50:14.002183,0.093114364,15,89,0.842353,0.10850300000000002
2025-07-15 22:50:16.065324,0.11832212,14,89,0.896867,0.10810200000000003
2025-07-15 22:50:18.127733,0.014918876,12,89,0.94989,0.107908
2025-07-15 22:50:20.190430,0.057617728,11,89,1.0008599999999999,0.10811499999999996
2025-07-15 22:50:22.252897,0.029837752,9,89,0.944914,0.12611899999999998
2025-07-15 22:50:24.314982,0.133240996,7,89,0.889383,0.10831500000000005
2025-07-15 22:50:26.377737,0.113692124,5,89,0.833456,0.10813600000000001
2025-07-15 22:50:28.440580,0.04629996,5,90,0.777411,0.10800600000000005
2025-07-15 22:50:30.503102,0.0771666,4,92,0.721383,0.10812999999999995
2025-07-15 22:50:32.565241,0.086426592,2,93,0.6660820000000001,0.10831900000000005
2025-07-15 22:50:34.627762,0.073565492,0,94,0.610106,0.10854299999999995
2025-07-15 22:50:36.690316,0.021092204,0,92,0.556747,0.10859700000000005
2025-07-15 22:50:38.753368,0.294776412,0,89,0.5030669999999999,0.10844600000000004
2025-07-15 22:50:40.815503,1.097309052,2,91,0.44982999999999995,0.10896600000000001
2025-07-15 22:50:42.878023,1.07261574,5,91,0.39519099999999996,0.10853800000000002
2025-07-15 22:50:44.940703,1.323664412,8,93,0.34038100000000004,0.10821700000000001
2025-07-15 22:50:47.003262,1.557221988,10,95,0.286239,0.108186
2025-07-15 22:50:49.065677,1.169845656,13,100,0.23049699999999995,0.10853599999999997
2025-07-15 22:50:51.128363,1.105540156,16,96,0.174249,0.10806700000000002
2025-07-15 22:50:53.190970,1.269133348,20,97,0.11807699999999999,0.10870800000000003
2025-07-15 22:50:55.253484,1.398258792,22,97,0.061568999999999985,0.10821800000000004
2025-07-15 22:50:57.315991,1.351958832,24,96,0.005558999999999981,0.10836699999999999
2025-07-15 22:50:59.378413,1.212544508,27,95,0.051937,0.10802500000000004
2025-07-15 22:51:01.441210,1.52789868,29,96,0.109601,0.10776300000000005
2025-07-15 22:51:03.503615,1.581400856,32,97,0.166878,0.10822600000000004
2025-07-15 22:51:05.566043,1.242896704,34,99,0.224139,0.10835300000000003
2025-07-15 22:51:07.628524,1.203284516,37,101,0.281673,0.10829999999999995
2025-07-15 22:51:09.691632,1.322635524,40,101,0.338636,0.108178
2025-07-15 22:51:11.753791,1.351444388,42,101,0.392052,0.10855300000000001
2025-07-15 22:51:13.816651,1.056153532,45,101,0.447092,0.107904
2025-07-15 22:51:15.878903,1.041234656,47,101,0.501062,0.10841100000000004
2025-07-15 22:51:17.941716,1.2212900560000002,50,101,0.556846,0.10806400000000005
2025-07-15 22:51:20.004159,1.234151156,53,101,0.612736,0.108402
2025-07-15 22:51:22.066517,1.158013444,56,100,0.6686,0.10826599999999997
2025-07-15 22:51:24.167079,1.301028876,59,100,0.762648,0.07063900000000001
2025-07-15 22:51:26.229542,1.256786692,62,101,0.818799,0.070693
2025-07-15 22:51:28.291715,1.103996824,65,102,0.871985,0.07086999999999999
2025-07-15 22:51:30.354692,1.14721012,68,103,0.926071,0.07070500000000002
2025-07-15 22:51:32.416967,1.355045496,71,105,0.97879,0.070797
2025-07-15 22:51:34.479388,1.069014632,76,103,0.977536,0.070712
2025-07-15 22:51:36.541965,1.128175692,77,103,0.923852,0.07094400000000001
2025-07-15 22:51:38.604675,1.2999999880000002,78,102,0.87082,0.07103199999999998
2025-07-15 22:51:40.667370,1.329323296,77,101,0.816746,0.07038900000000003
2025-07-15 22:51:42.729947,1.091650168,77,99,0.765308,0.07057599999999997
2025-07-15 22:51:44.792137,1.254728916,77,95,0.7145980000000001,0.07097900000000001
2025-07-15 22:51:46.855064,1.398258792,77,93,0.660022,0.07037000000000004
2025-07-15 22:51:48.917220,1.249070032,75,90,0.60737,0.07072500000000004
2025-07-15 22:51:50.980130,1.560308652,75,90,0.5533129999999999,0.07060900000000003
2025-07-15 22:51:53.042491,1.394657684,76,86,0.49899000000000004,0.07104999999999995
2025-07-15 22:51:55.105288,1.142580124,75,93,0.44339799999999996,0.07059599999999999
2025-07-15 22:51:57.167888,1.110170152,76,98,0.388552,0.07031900000000002
2025-07-15 22:51:59.229992,1.415749888,76,98,0.333272,0.073627
2025-07-15 22:52:01.292262,1.477483168,77,96,0.27820199999999995,0.07115099999999996
2025-07-15 22:52:03.354746,1.125603472,76,87,0.22440300000000002,0.07132799999999995
2025-07-15 22:52:05.418060,1.47645428,75,82,0.16763399999999995,0.07038
2025-07-15 22:52:07.480246,1.305658872,76,80,0.113143,0.07115099999999996
2025-07-15 22:52:09.543317,1.094222388,76,82,0.05929099999999998,0.07059300000000002
2025-07-15 22:52:11.606076,1.155955668,76,89,0.005713999999999997,0.07002399999999998
2025-07-15 22:52:13.668227,1.356588828,76,100,0.047383,0.07064899999999996
2025-07-15 22:52:15.730792,1.03660466,76,97,0.100864,0.07029099999999999
2025-07-15 22:52:17.793403,1.159556776,76,96,0.154188,0.07029300000000005
2025-07-15 22:52:19.855832,1.23209338,76,96,0.209202,0.07062000000000002
2025-07-15 22:52:21.918491,1.12920458,76,98,0.261977,0.07079899999999995
2025-07-15 22:52:23.981063,1.079303512,75,83,0.315314,0.07060200000000005
2025-07-15 22:52:26.043356,1.32212108,74,83,0.368258,0.07101400000000002
2025-07-15 22:52:28.106138,1.212544508,73,83,0.422207,0.07080699999999995
2025-07-15 22:52:30.168674,0.963039168,72,96,0.475897,0.07072199999999995
2025-07-15 22:52:32.230856,1.227977828,73,95,0.528804,0.07076400000000005
2025-07-15 22:52:34.293432,1.115829036,73,100,0.582951,0.07137499999999997
2025-07-15 22:52:36.393637,1.003680244,71,98,0.674178,0.033174999999999955
2025-07-15 22:52:38.456012,1.274792232,72,98,0.729893,0.033957000000000015
2025-07-15 22:52:40.519066,1.30925998,73,97,0.786305,0.03304700000000005
2025-07-15 22:52:42.581142,0.9645825,72,97,0.841412,0.03365700000000005
2025-07-15 22:52:44.644115,1.243411148,71,96,0.897604,0.032770999999999995
2025-07-15 22:52:46.706681,1.1796200920000002,72,96,0.953264,0.03292799999999996
2025-07-15 22:52:48.769248,1.0360902159999998,73,96,0.997655,0.03563499999999997
2025-07-15 22:52:50.831360,0.995963584,74,96,0.944369,0.03340299999999996
2025-07-15 22:52:52.893951,1.425524324,74,95,0.888263,0.03403500000000004
2025-07-15 22:52:54.956664,1.083933508,73,94,0.833565,0.03312999999999999
2025-07-15 22:52:57.019064,0.997506916,73,94,0.777722,0.03355399999999997
2025-07-15 22:52:59.081614,1.22694894,73,96,0.721746,0.03383999999999998
2025-07-15 22:53:01.144344,1.070557964,73,95,0.6656880000000001,0.03337100000000004
2025-07-15 22:53:03.207230,1.042263544,73,96,0.609615,0.03303100000000003
2025-07-15 22:53:05.269315,1.2218045,73,96,0.556666,0.033831000000000055
2025-07-15 22:53:07.331873,1.150811228,74,94,0.503796,0.03371400000000002
2025-07-15 22:53:09.394739,1.109141264,73,95,0.44919200000000004,0.03286100000000003
2025-07-15 22:53:11.457323,0.981044708,73,95,0.39456100000000005,0.03286500000000003
2025-07-15 22:53:13.519787,1.212030064,73,95,0.341187,0.032857000000000025
2025-07-15 22:53:15.582468,1.1168579239999998,72,94,0.287384,0.03284500000000001
2025-07-15 22:53:17.645006,1.070557964,72,94,0.23308700000000004,0.03285199999999999
2025-07-15 22:53:19.707565,1.138979016,72,94,0.17732800000000004,0.03277600000000003
2025-07-15 22:53:21.770068,1.0340324399999998,72,93,0.121564,0.033142000000000005
2025-07-15 22:53:23.832335,1.127661248,73,93,0.06580799999999998,0.03343099999999999
2025-07-15 22:53:25.895201,1.171903432,73,94,0.009932000000000052,0.03287499999999999
2025-07-15 22:53:27.957729,1.200712296,72,95,0.046177,0.03288800000000003
2025-07-15 22:53:30.020268,1.202770072,72,94,0.102201,0.03293800000000002
2025-07-15 22:53:32.082488,0.767550448,72,93,0.158106,0.03351599999999999
2025-07-15 22:53:34.145118,0.965096944,71,93,0.214259,0.03376900000000005
2025-07-15 22:53:36.207978,1.09833794,71,93,0.270112,0.033070000000000044
2025-07-15 22:53:38.270264,1.03146022,71,93,0.32331,0.03322400000000003
2025-07-15 22:53:40.332695,0.941946964,71,95,0.375536,0.035838999999999954
2025-07-15 22:53:42.395790,1.040720212,71,95,0.431122,0.03276000000000001
2025-07-15 22:53:44.458159,0.804075972,70,95,0.483338,0.03352200000000005
2025-07-15 22:53:46.520847,0.984645816,69,95,0.535671,0.03282700000000005
2025-07-15 22:53:48.583126,0.8333992800000001,70,94,0.590951,0.03325599999999995
2025-07-15 22:53:50.645565,0.816422628,69,95,0.646404,0.033471999999999946
2025-07-15 22:53:52.745636,0.798931532,70,94,0.739825,0.033467000000000025
2025-07-15 22:53:54.808138,0.814364852,70,94,0.793449,0.03324000000000005
2025-07-15 22:53:56.870598,0.988246924,71,94,0.846239,0.033626000000000045
2025-07-15 22:53:58.933549,1.079303512,71,95,0.902081,0.032935999999999965
2025-07-15 22:54:00.996089,0.861179256,70,97,0.956325,0.03294200000000003
2025-07-15 22:54:03.058440,0.929600308,69,99,0.996851,0.033584999999999976
2025-07-15 22:54:05.120825,1.002136912,69,96,0.942325,0.033201000000000036
2025-07-15 22:54:07.183745,0.960466948,69,95,0.887261,0.03310000000000002
2025-07-15 22:54:09.246133,0.916739208,68,96,0.833209,0.03302099999999997
2025-07-15 22:54:11.308513,0.946062516,68,97,0.779001,0.033896999999999955
2025-07-15 22:54:13.371052,1.25267114,68,98,0.725004,0.03317300000000001
2025-07-15 22:54:15.434022,0.95686584,70,98,0.669091,0.03308699999999998
2025-07-15 22:54:17.496491,0.979501376,70,102,0.6142639999999999,0.032997000000000054
2025-07-15 22:54:19.559148,1.200197852,70,102,0.5597719999999999,0.033001999999999976
2025-07-15 22:54:21.621437,1.290225552,70,101,0.504348,0.033138
2025-07-15 22:54:23.683837,1.109655708,70,101,0.448832,0.03320400000000001
2025-07-15 22:54:25.746537,1.378195476,70,101,0.3953,0.033228000000000035
2025-07-15 22:54:27.809324,1.109655708,71,94,0.341495,0.03323900000000002
2025-07-15 22:54:29.871927,1.257301136,71,94,0.287801,0.032857000000000025
2025-07-15 22:54:31.934206,0.803561528,71,94,0.23478299999999996,0.033302000000000054
2025-07-15 22:54:33.996564,1.1379501280000002,71,93,0.181346,0.03332199999999996
2025-07-15 22:54:36.058772,1.043806876,71,96,0.128089,0.03383499999999995
2025-07-15 22:54:38.122186,0.945548072,71,97,0.07403099999999996,0.032750999999999975
2025-07-15 22:54:40.184215,1.254728916,71,97,0.020828999999999986,0.03351099999999996
2025-07-15 22:54:42.246842,1.230550048,71,98,0.033908,0.03320999999999996
2025-07-15 22:54:44.309530,0.91828254,70,99,0.088567,0.033074999999999966
2025-07-15 22:54:46.372047,0.989790256,72,98,0.143124,0.033275000000000055
2025-07-15 22:54:48.434903,0.985674704,71,97,0.197585,0.033479000000000037
2025-07-15 22:54:50.497366,0.834942612,71,98,0.251715,0.05212399999999995
2025-07-15 22:54:52.559690,1.048951316,70,97,0.30569,0.051844
2025-07-15 22:54:54.622121,0.90542144,70,96,0.357957,0.052454
2025-07-15 22:54:56.684704,0.936802524,71,97,0.410805,0.05206299999999997
2025-07-15 22:54:58.747257,0.84368816,70,98,0.464399,0.05201199999999995
2025-07-15 22:55:00.809882,0.703244948,70,98,0.518424,0.051861000000000046
2025-07-15 22:55:02.872433,0.7495449080000001,71,97,0.570459,0.052145
2025-07-15 22:55:04.935301,0.705817168,70,93,0.626597,0.05212099999999997
2025-07-15 22:55:06.997509,1.119430144,70,93,0.682123,0.051888000000000045
2025-07-15 22:55:09.060069,0.8117926320000001,71,93,0.738428,0.05225999999999997
2025-07-15 22:55:11.122896,0.98773248,72,94,0.792014,0.052185999999999955
2025-07-15 22:55:13.185454,0.757261568,70,97,0.845187,0.05164100000000005
2025-07-15 22:55:15.247798,1.2645033520000002,71,97,0.901141,0.05201800000000001
2025-07-15 22:55:17.310397,0.937316968,70,96,0.957446,0.052482999999999946
2025-07-15 22:55:19.372957,0.896161448,71,96,0.996381,0.05228699999999997
2025-07-15 22:55:21.435744,1.16007122,70,95,0.942518,0.05159199999999997
2025-07-15 22:55:23.498336,1.223862276,69,97,0.889276,0.05150600000000005
2025-07-15 22:55:25.560425,0.589552824,70,98,0.836023,0.07045000000000001
2025-07-15 22:55:27.623166,0.939889188,70,94,0.78102,0.051881999999999984
2025-07-15 22:55:29.685716,1.071072408,70,93,0.727787,0.052151999999999976
2025-07-15 22:55:31.748513,1.16007122,71,93,0.6713819999999999,0.05176599999999998
2025-07-15 22:55:33.811002,1.006252464,70,94,0.615253,0.05160100000000001
2025-07-15 22:55:35.873595,1.056153532,70,95,0.559469,0.05201
2025-07-15 22:55:37.935760,1.645191912,71,95,0.504062,0.052312000000000025
2025-07-15 22:55:39.998451,0.965096944,71,93,0.44850100000000004,0.051956
2025-07-15 22:55:42.061262,0.8719825800000001,69,93,0.39224499999999995,0.05190600000000001
2025-07-15 22:55:44.123532,1.056667976,70,93,0.33628100000000005,0.052065999999999946
2025-07-15 22:55:46.186388,0.230470912,69,93,0.283276,0.05156799999999995
2025-07-15 22:55:48.248524,0.86941036,69,92,0.23008700000000004,0.05239700000000003
2025-07-15 22:55:50.311589,0.78709932,70,93,0.17341600000000001,0.07029300000000005
2025-07-15 22:55:52.373821,0.8544914840000001,71,93,0.12001700000000004,0.07073700000000005
2025-07-15 22:55:54.436566,1.042263544,71,92,0.06615499999999996,0.070527
2025-07-15 22:55:56.499344,1.156470112,72,93,0.013395999999999963,0.07022700000000004
2025-07-15 22:55:58.561679,0.965096944,72,94,0.039768,0.07040199999999996
2025-07-15 22:56:00.624208,1.169845656,72,97,0.095349,0.07039200000000001
2025-07-15 22:56:02.686758,1.074673516,73,98,0.150867,0.07050100000000004
2025-07-15 22:56:04.749342,1.22694894,72,96,0.206576,0.070388
2025-07-15 22:56:06.811747,1.231064492,70,96,0.261584,0.07087200000000005
2025-07-15 22:56:08.874054,1.310803312,70,96,0.31714,0.07122300000000004
2025-07-15 22:56:10.936985,1.076731292,69,96,0.373162,0.07293099999999997
2025-07-15 22:56:12.999224,0.898219224,69,97,0.426471,0.070967
2025-07-15 22:56:15.062165,1.0530668680000002,70,98,0.481681,0.07123599999999997
2025-07-15 22:56:17.124635,1.004709132,70,98,0.536476,0.07052199999999997
2025-07-15 22:56:19.187056,0.885358124,70,97,0.590868,0.07051600000000002
2025-07-15 22:56:21.249746,0.638425004,72,97,0.645184,0.07045000000000001
2025-07-15 22:56:23.312033,0.822595956,73,93,0.698477,0.070847
2025-07-15 22:56:25.374946,0.12603878,75,82,0.724966,0.07072100000000003
2025-07-15 22:56:27.437338,0.5730906160000001,73,79,0.778445,0.07061499999999998
2025-07-15 22:56:29.537278,0.3986941,70,75,0.86935,0.03307300000000002
2025-07-15 22:56:31.600073,4.863039132,68,48,0.923279,0.032915999999999945
2025-07-15 22:56:33.662567,5.187138852,71,48,0.976294,0.033075999999999994
2025-07-15 22:56:35.724799,6.046774776,65,45,0.980002,0.03317400000000004
2025-07-15 22:56:37.824860,8.407043847999999,63,98,0.886745,0.03322000000000003
2025-07-15 22:56:39.887426,3.123189524,60,98,0.830734,0.033196
2025-07-15 22:56:41.949911,1.642619692,58,98,0.775106,0.033260999999999985
2025-07-15 22:56:44.012836,0.597269484,56,98,0.7187669999999999,0.03351499999999996
2025-07-15 22:56:46.075445,0.103917688,53,98,0.6629499999999999,0.03542500000000004
2025-07-15 22:56:48.137990,0.057103284,55,98,0.60693,0.03314499999999998
2025-07-15 22:56:50.200553,0.12089434,53,98,0.551176,0.03293500000000005
2025-07-15 22:56:52.262763,0.058132172,56,98,0.49546500000000004,0.033213999999999966
2025-07-15 22:56:54.325310,0.0452710719999999,53,98,0.43968399999999996,0.03329000000000004
2025-07-15 22:56:56.388144,0.03086664,57,98,0.383659,0.03286800000000001
2025-07-15 22:56:58.450417,0.046814404,60,98,0.32815099999999997,0.03379399999999999
2025-07-15 22:57:00.512916,0.027779976,64,98,0.27252200000000004,0.03349100000000005
2025-07-15 22:57:02.575887,0.0226355359999999,63,98,0.21752899999999997,0.033035999999999954
2025-07-15 22:57:04.637697,0.0385833,62,98,0.16407400000000005,0.03362200000000004
2025-07-15 22:57:06.702391,0.025207756,61,100,0.10697100000000004,0.03151599999999999
2025-07-15 22:57:08.763209,0.035496636,65,100,0.053535,0.03321200000000002
2025-07-15 22:57:10.826234,0.004115552,62,100,0.002931,0.03706799999999999
2025-07-15 22:57:12.888362,0.029323308,59,108,0.057856,0.033492999999999995
2025-07-15 22:57:14.951047,0.059675504,57,129,0.111093,0.03333600000000003
2025-07-15 22:57:17.013727,0.008231104,53,129,0.167588,0.03292499999999998
2025-07-15 22:57:19.075940,0.038068856,49,129,0.222829,0.03332400000000002
2025-07-15 22:57:21.140707,0.04887218,44,129,0.281023,0.031625000000000014
2025-07-15 22:57:23.201392,0.073565492,44,129,0.332453,0.033206999999999987
2025-07-15 22:57:25.263678,0.055045508,44,129,0.385359,0.03384200000000004
2025-07-15 22:57:27.326321,0.037039968,44,129,0.442046,0.03285400000000005
2025-07-15 22:57:29.388548,0.00771666,39,129,0.498473,0.03339700000000001
2025-07-15 22:57:31.451671,0.029837752,39,129,0.55214,0.033486000000000016
2025-07-15 22:57:33.513985,0.04115552,39,129,0.606685,0.033281000000000005
2025-07-15 22:57:35.576347,0.0514444,39,129,0.660739,0.03378199999999998
