speed,step_frequency,heart_rate
6.5613,237.2,180.0
12.5736,122.89,180.0
12.0243,200.35,173.0
6.1714,145.46,139.0
4.0426,202.49,149.0
7.9142,252.89,180.0
2.5553,61.16,89.0
3.9553,122.65,125.0
9.6452,86.51,146.0
0.6039,161.3,108.0
10.2843,139.47,171.0
7.1702,176.43,158.0
3.7895,159.99,138.0
8.0671,251.74,180.0
14.9515,67.04,159.0
14.7953,48.49,146.0
3.8269,106.56,115.0
1.6082,199.61,129.0
15.0973,277.77,174.0
13.6044,37.5,143.0
6.1186,168.53,156.0
4.8677,179.22,153.0
3.7056,178.3,140.0
5.5912,208.38,164.0
9.3253,254.81,178.0
14.1925,7.12,120.0
12.7513,130.87,178.0
1.498,63.92,80.0
11.9542,9.81,114.0
0.0,230.9,118.0
10.1195,98.32,155.0
5.7452,215.97,172.0
11.1437,90.39,146.0
10.8546,245.57,161.0
7.7164,140.67,155.0
1.3546,55.21,90.0
8.6309,100.98,142.0
2.1408,121.79,105.0
13.3303,113.82,180.0
0.0,156.28,94.0
1.7723,113.79,108.0
15.2115,144.64,180.0
12.0677,255.2,166.0
13.4755,159.63,180.0
12.8808,291.1,177.0
11.9945,205.87,176.0
10.804,285.27,175.0
13.196,115.51,179.0
15.0515,206.43,177.0
4.6954,82.87,107.0
9.2375,55.66,128.0
4.7568,29.41,95.0
6.4616,130.21,136.0
3.3985,224.06,154.0
2.5826,276.26,168.0
3.7268,286.85,177.0
5.4937,0.0,93.0
2.133,270.11,160.0
10.0499,122.94,161.0
14.932,5.92,116.0
1.7801,140.59,118.0
3.0491,128.65,121.0
10.4318,32.08,132.0
4.7215,215.71,163.0
8.4883,175.14,168.0
14.3527,255.92,174.0
0.2482,229.06,127.0
11.5964,97.7,158.0
15.1257,115.77,180.0
4.8371,37.54,107.0
14.4161,270.96,169.0
8.5807,60.47,126.0
3.3761,209.48,145.0
0.0,31.22,73.0
10.2928,31.84,118.0
0.0201,40.62,76.0
11.1934,277.04,163.0
8.6897,66.96,129.0
9.4814,245.93,160.0
0.0,52.97,78.0
7.9448,255.92,180.0
13.4785,107.39,172.0
6.9178,9.19,96.0
14.3511,291.32,169.0
8.816,45.64,121.0
3.3874,24.83,92.0
11.0366,43.81,125.0
9.455,153.99,171.0
1.3539,45.28,86.0
4.7114,94.16,117.0
6.4933,25.4,99.0
8.0583,239.29,180.0
11.7781,162.1,180.0
2.3085,238.39,146.0
14.1772,201.28,180.0
10.1135,93.37,133.0
8.4813,192.95,180.0
14.2513,32.55,136.0
1.5001,191.67,129.0
11.273,109.61,158.0
10.1206,38.55,118.0
2.3489,163.18,133.0
3.945,154.14,127.0
11.7159,122.81,167.0
3.1204,231.64,150.0
0.6084,302.18,141.0
7.7597,213.89,180.0
0.7768,228.64,134.0
0.7458,269.71,130.0
11.6792,139.02,172.0
0.7813,107.11,93.0
5.4632,147.66,138.0
12.6432,269.34,169.0
13.6126,192.64,163.0
3.7882,29.75,90.0
8.7859,230.72,180.0
5.3731,61.76,111.0
2.279,21.73,81.0
3.8366,222.2,159.0
5.6059,224.38,177.0
3.3743,254.33,157.0
4.5573,55.45,103.0
15.1467,46.47,151.0
7.6922,275.37,180.0
3.3924,276.61,173.0
3.3854,292.15,170.0
11.183,267.6,172.0
8.093,92.4,133.0
11.206,37.3,124.0
14.9163,92.63,172.0
1.5137,209.95,137.0
12.6681,32.39,124.0
11.6041,260.52,173.0
15.199,48.6,142.0
2.4935,0.0,76.0
0.0,102.22,83.0
8.6194,244.71,180.0
8.6391,148.38,168.0
8.5923,39.07,112.0
14.9727,152.98,180.0
13.565,131.62,180.0
2.5067,128.41,121.0
2.3102,269.27,155.0
14.3602,32.48,132.0
3.7948,14.52,89.0
15.1976,160.87,180.0
0.0,209.8,107.0
15.126,99.09,170.0
2.9143,253.72,157.0
6.3502,1.87,98.0
14.3165,238.72,161.0
3.2679,251.58,168.0
7.7408,245.49,180.0
4.8704,213.71,162.0
9.4377,108.88,149.0
0.221,77.55,82.0
15.0697,248.26,164.0
7.7272,162.61,162.0
13.4839,152.62,180.0
12.8154,215.36,163.0
11.9331,299.52,173.0
7.7518,283.13,180.0
7.0155,221.75,180.0
8.8957,14.3,107.0
4.7112,263.09,180.0
3.9733,129.64,126.0
6.9742,46.2,112.0
12.079,216.53,166.0
11.0514,48.65,131.0
0.0,197.96,110.0
13.1743,16.48,122.0
9.5744,78.8,134.0
13.5823,260.29,176.0
10.1645,5.51,112.0
0.0,44.01,67.0
11.0095,21.19,114.0
12.0444,136.78,171.0
10.9634,0.0,108.0
3.7388,179.01,146.0
9.2496,261.13,179.0
5.4184,270.95,180.0
11.1676,15.78,118.0
7.0228,5.5,96.0
13.2584,101.84,166.0
1.3423,106.84,104.0
12.611,283.32,176.0
13.4329,70.84,150.0
14.9085,175.91,180.0
14.2187,155.14,180.0
15.1657,56.29,154.0
9.7155,94.25,146.0
8.0727,70.49,128.0
14.006,29.2,131.0
3.2034,262.12,160.0
9.3028,215.73,161.0
1.4123,114.1,105.0
3.9434,220.67,161.0
0.1311,301.97,138.0
9.6562,14.15,115.0
10.426,47.54,131.0
14.375,236.53,177.0
6.4661,210.06,178.0
9.484,101.13,147.0
8.649,109.68,151.0
1.8059,292.15,166.0
2.2684,209.63,143.0
1.5326,144.75,119.0
11.9371,107.3,159.0
11.9312,199.97,173.0
11.7339,255.17,175.0
12.7275,20.71,120.0
7.0047,121.21,139.0
2.4637,46.23,90.0
4.1532,177.96,144.0
12.7666,168.59,180.0
2.9328,237.52,154.0
14.3489,54.69,150.0
10.1164,122.0,159.0
5.5227,274.82,180.0
4.1426,83.07,104.0
8.4869,175.22,176.0
10.3391,40.89,120.0
14.9785,115.06,180.0
11.6024,274.5,172.0
7.9851,139.31,153.0
0.895,263.25,147.0
7.0121,236.94,180.0
13.5135,23.08,126.0
6.18,6.94,95.0
8.7863,98.54,139.0
7.135,38.98,110.0
7.2755,84.27,131.0
8.8398,0.13,99.0
2.3217,86.57,101.0
6.3039,101.79,122.0
15.0915,175.83,180.0
8.8171,106.2,152.0
9.3402,115.78,153.0
11.1892,148.5,173.0
0.0,92.86,77.0
7.9814,245.78,180.0
6.3236,39.87,109.0
1.5176,275.96,147.0
0.9298,182.14,123.0
8.0926,229.04,180.0
12.0701,147.72,180.0
6.25,302.24,180.0
6.5508,13.31,98.0
4.6553,299.38,180.0
4.1892,40.53,96.0
0.0501,216.16,116.0
9.6216,175.87,180.0
1.0215,192.71,125.0
11.2566,293.45,175.0
5.5363,248.24,180.0
12.881,247.73,173.0
13.5669,152.32,180.0
15.199,182.17,177.0
6.3641,60.12,117.0
3.0586,102.3,109.0
6.5095,202.47,167.0
10.8388,206.42,173.0
6.2088,277.38,180.0
14.2481,14.81,120.0
3.2852,200.68,141.0
12.754,170.36,180.0
10.0694,22.02,107.0
13.4319,292.85,178.0
11.2563,55.22,132.0
2.325,236.45,143.0
13.5019,7.34,121.0
4.103,25.09,89.0
12.0235,231.02,175.0
6.2962,138.56,145.0
7.3472,231.64,180.0
2.1475,240.11,147.0
6.9667,198.99,171.0
13.4068,210.02,170.0
1.3556,293.0,152.0
5.6269,269.89,180.0
14.39,2.4,119.0
9.5206,248.52,163.0
3.9836,166.79,138.0
13.6453,159.77,180.0
3.1866,144.9,122.0
0.0,299.2,142.0
0.0,43.99,65.0
5.2972,222.92,164.0
14.1885,136.34,180.0
3.8321,40.69,100.0
13.4925,248.13,173.0
2.3301,6.49,85.0
3.2752,302.33,178.0
8.0093,132.63,148.0
13.9725,98.25,166.0
8.695,252.04,180.0
4.0524,301.62,180.0
8.9157,59.21,121.0
10.9289,294.19,167.0
1.4041,268.37,148.0
5.4817,216.51,172.0
2.9289,124.45,114.0
13.53,129.67,180.0
9.4643,278.93,172.0
12.7606,194.43,176.0
5.3361,300.72,180.0
9.6869,107.35,157.0
4.89,23.93,87.0
1.6603,168.93,124.0
11.7749,93.71,156.0
4.6708,193.33,152.0
5.2926,82.28,118.0
13.5437,108.98,172.0
0.6367,201.71,113.0
9.6635,194.11,178.0
13.3683,144.52,180.0
11.0695,294.17,176.0
10.8601,53.74,130.0
8.5644,54.1,125.0
14.2928,278.3,169.0
0.7342,240.17,136.0
1.8257,77.48,91.0
9.7129,237.26,171.0
14.1552,5.25,123.0
11.0184,213.39,169.0
2.9742,278.52,170.0
9.6387,31.42,117.0
13.2223,137.02,180.0
2.2252,38.11,93.0
8.1269,130.7,150.0
7.8741,107.55,139.0
2.5163,1.86,77.0
2.1314,17.72,79.0
14.9095,29.69,143.0
0.0,254.56,125.0
9.2691,292.82,163.0
6.5608,121.09,140.0
12.7331,229.21,169.0
11.1613,114.57,163.0
6.4018,25.35,97.0
0.5909,159.83,108.0
3.077,30.01,89.0
0.9834,206.62,127.0
3.7509,236.55,158.0
3.2399,208.06,146.0
11.6548,69.67,139.0
7.114,5.22,98.0
0.0,232.46,111.0
6.8714,29.09,107.0
8.894,16.7,102.0
15.1196,246.92,169.0
10.8489,167.0,180.0
7.1883,14.28,110.0
1.8258,277.1,149.0
2.2995,190.45,135.0
1.4717,154.98,115.0
14.0187,21.32,133.0
1.7682,139.23,115.0
1.6064,163.0,117.0
12.6426,283.57,173.0
2.2351,189.88,131.0
4.5789,191.79,159.0
6.3712,186.68,165.0
10.0917,177.4,179.0
6.3768,217.43,175.0
8.5671,44.91,114.0
4.5855,122.35,123.0
5.7642,178.88,160.0
14.1764,214.1,170.0
8.5348,59.86,124.0
12.6037,109.55,171.0
2.5002,261.28,162.0
14.1172,107.82,177.0
13.6225,192.89,171.0
0.0,261.66,116.0
3.8925,62.62,103.0
10.9409,182.45,170.0
12.6826,52.15,143.0
13.4146,40.35,133.0
11.6351,44.3,135.0
1.4145,236.86,141.0
0.6102,223.42,125.0
14.9865,68.23,165.0
2.2656,14.35,85.0
14.8826,90.82,168.0
8.543,259.21,180.0
14.1303,131.31,180.0
4.1308,275.57,172.0
0.9766,230.94,128.0
5.3869,100.84,135.0
3.1707,260.13,159.0
0.9849,192.07,120.0
7.7941,38.69,110.0
6.3549,194.22,166.0
9.4589,299.08,167.0
13.234,170.65,180.0
10.0356,78.43,134.0
3.3087,299.57,179.0
14.2298,260.21,178.0
4.0411,139.92,136.0
11.868,260.53,166.0
1.4289,114.47,107.0
5.3028,270.26,180.0
13.4034,244.69,170.0
9.4346,262.95,180.0
12.8483,7.25,127.0
10.2575,0.0,101.0
3.9967,79.32,111.0
10.1805,8.85,112.0
2.4666,145.5,124.0
6.179,102.43,130.0
2.4074,221.01,139.0
4.4891,131.65,127.0
5.6582,229.58,174.0
0.1707,85.13,79.0
6.3743,283.23,180.0
8.4867,86.5,138.0
3.0477,252.62,160.0
9.7171,209.97,170.0
10.3008,84.63,141.0
10.9922,137.66,176.0
3.9356,33.15,80.0
6.9172,246.31,180.0
9.6446,61.89,132.0
7.2763,232.8,180.0
9.6576,263.47,169.0
11.1127,54.51,135.0
6.8556,186.41,169.0
3.3391,192.71,144.0
4.084,68.42,103.0
11.2337,183.39,175.0
8.8366,270.64,180.0
8.0966,75.35,130.0
8.9134,237.22,180.0
12.5439,223.12,162.0
11.6914,255.34,163.0
12.4296,0.0,109.0
11.79,40.27,128.0
6.529,44.15,109.0
10.9174,36.06,129.0
10.8131,53.7,131.0
6.0746,71.64,113.0
11.1326,15.92,120.0
7.1414,229.16,180.0
4.8902,238.42,164.0
6.3881,55.72,116.0
14.8564,276.32,161.0
12.6136,44.21,133.0
12.8716,139.69,174.0
3.1366,298.5,176.0
0.0,252.52,126.0
3.0584,131.88,118.0
4.8395,47.17,113.0
7.2342,117.14,140.0
4.4976,136.95,132.0
15.2316,100.96,176.0
2.2943,267.42,158.0
3.7223,29.88,97.0
6.2133,291.04,180.0
8.8079,138.72,157.0
3.7075,223.26,159.0
14.1377,115.02,180.0
1.5282,71.65,93.0
14.8052,40.65,145.0
5.688,154.66,150.0
11.7776,74.95,148.0
11.9879,130.85,175.0
14.7734,79.08,160.0
7.2879,244.16,180.0
12.0838,74.47,146.0
4.124,293.48,180.0
6.4357,109.5,135.0
6.4049,148.22,150.0
14.9831,84.85,166.0
12.7933,216.83,170.0
7.9393,298.63,180.0
15.0273,201.69,174.0
14.9024,263.55,169.0
14.4239,216.32,176.0
14.2062,286.38,176.0
12.4287,201.86,167.0
0.0938,131.73,96.0
5.3389,0.75,85.0
9.4916,8.0,109.0
11.906,24.93,121.0
4.0092,255.06,165.0
6.8753,175.21,153.0
8.1267,24.84,107.0
3.7834,285.09,178.0
1.5072,28.38,75.0
9.4719,222.04,161.0
2.6026,0.0,76.0
12.8087,207.29,169.0
6.9623,230.13,180.0
0.5833,146.78,99.0
10.0518,40.42,128.0
0.6331,239.58,131.0
8.558,6.47,100.0
10.1156,216.92,172.0
5.4064,44.28,105.0
11.608,200.78,161.0
7.8062,120.74,139.0
8.8893,159.87,175.0
2.1257,175.18,122.0
6.4302,147.53,149.0
10.2138,177.81,180.0
11.1586,20.74,110.0
10.2746,270.46,170.0
0.7594,154.14,105.0
3.0865,284.05,169.0
12.7203,176.47,180.0
0.0514,121.27,87.0
6.307,294.53,180.0
14.7768,222.99,180.0
8.505,15.55,111.0
6.4562,163.23,152.0
1.3349,99.85,92.0
11.6979,251.86,170.0
12.3824,0.0,109.0
11.0168,190.53,166.0
6.1183,94.73,123.0
11.7247,154.8,180.0
7.7227,245.2,180.0
13.983,269.27,177.0
3.9013,222.06,158.0
6.2348,176.97,160.0
11.7559,151.37,180.0
4.1012,240.23,168.0
14.7728,200.83,179.0
0.795,270.15,137.0
0.0,193.38,108.0
4.6843,279.19,177.0
11.6985,193.98,164.0
1.6965,192.38,131.0
11.8681,28.84,127.0
12.6633,206.5,167.0
8.1149,32.44,114.0
6.3524,137.96,146.0
4.6817,192.18,152.0
12.5354,186.04,175.0
13.2843,139.03,180.0
3.7811,122.27,118.0
1.5072,62.76,90.0
7.7956,286.22,180.0
0.1056,294.68,138.0
7.1323,61.78,120.0
14.2139,68.63,151.0
4.8144,214.75,165.0
10.4139,92.2,147.0
2.5216,121.4,112.0
0.1418,155.99,99.0
7.6931,138.91,155.0
6.3125,236.54,180.0
4.9322,261.13,177.0
9.4259,22.35,114.0
8.7108,182.89,179.0
8.6955,162.62,165.0
5.6106,140.43,136.0
7.9108,140.74,156.0
0.1233,91.1,88.0
5.3772,91.02,125.0
11.1436,108.02,157.0
6.3656,206.65,174.0
6.1679,36.59,102.0
11.2863,86.24,144.0
15.0131,13.78,134.0
3.3625,70.35,107.0
0.9034,168.92,109.0
8.7752,48.27,123.0
12.4835,223.29,162.0
6.4333,17.15,99.0
13.4793,24.89,125.0
12.7184,161.32,180.0
13.1773,183.94,171.0
13.5987,260.78,164.0
4.8529,67.55,109.0
14.2026,147.74,180.0
10.201,9.34,109.0
10.0859,199.23,171.0
1.5747,178.77,119.0
12.8725,201.01,166.0
3.083,107.51,102.0
3.8198,221.67,153.0
15.0153,223.36,176.0
0.7035,182.93,121.0
12.0661,192.8,163.0
11.1579,31.27,126.0
2.9548,61.69,100.0
12.5714,9.32,124.0
8.1278,129.33,144.0
3.8495,52.23,99.0
9.3731,162.85,171.0
0.7971,84.67,89.0
15.1501,215.88,173.0
2.1959,246.18,149.0
13.5588,60.77,144.0
3.203,155.83,130.0
15.1257,182.47,161.0
10.1309,122.63,167.0
6.1524,144.92,146.0
9.6475,16.98,109.0
13.2608,0.0,113.0
8.5704,212.95,180.0
10.5014,253.59,167.0
13.621,93.71,170.0
8.7563,28.8,108.0
13.3798,291.26,165.0
8.7511,187.04,178.0
7.3239,259.18,180.0
11.2918,270.32,179.0
14.2472,67.78,151.0
11.6546,205.66,180.0
0.0,17.86,64.0
13.9985,0.0,124.0
15.1047,85.4,175.0
7.0539,197.61,177.0
14.3833,159.83,180.0
13.4773,276.13,169.0
11.8408,205.76,166.0
5.5216,25.05,103.0
4.0266,92.26,109.0
10.3344,170.93,180.0
0.7225,46.57,82.0
15.1288,93.64,178.0
13.9662,269.88,170.0
1.0293,277.32,144.0
8.8532,21.97,110.0
3.2531,225.18,150.0
14.4469,122.84,180.0
12.8305,183.09,171.0
12.5481,129.23,180.0
8.0275,29.42,110.0
9.4327,209.04,165.0
11.0865,246.84,173.0
10.9122,248.27,177.0
0.0,267.08,127.0
1.7064,116.65,108.0
6.0984,5.4,90.0
14.0824,185.62,168.0
12.7469,117.6,173.0
9.2419,239.32,160.0
8.7141,54.14,132.0
3.2073,294.65,175.0
14.929,236.11,174.0
2.5858,282.85,168.0
9.5808,22.47,114.0
4.6731,199.35,154.0
11.7175,71.1,142.0
5.5234,97.96,119.0
5.3809,239.96,170.0
15.164,235.97,168.0
11.0851,38.22,128.0
3.832,199.51,150.0
14.9271,183.83,162.0
14.1202,83.82,163.0
3.7,123.35,116.0
3.8952,246.96,168.0
12.5564,239.2,179.0
5.5383,13.66,97.0
14.4299,156.12,180.0
10.9584,292.11,169.0
11.3003,278.72,176.0
12.6029,0.48,115.0
7.6536,91.74,141.0
12.6037,263.3,168.0
1.6011,55.44,92.0
10.438,122.4,165.0
10.2729,253.87,177.0
5.4245,169.93,146.0
5.5263,46.72,105.0
2.5433,269.31,160.0
12.5005,20.64,122.0
3.913,170.88,140.0
13.5648,284.9,165.0
0.0308,100.41,85.0
6.5405,282.3,180.0
5.4818,98.3,121.0
7.3486,131.18,152.0
6.9467,53.25,108.0
1.4997,298.55,160.0
5.4789,45.04,103.0
8.5093,68.04,130.0
7.9395,152.72,162.0
15.0179,129.9,180.0
7.2143,236.59,180.0
5.6013,131.11,142.0
9.4872,231.5,173.0
8.7359,106.44,143.0
2.3511,229.69,141.0
8.4929,137.05,159.0
2.3138,266.88,153.0
3.7606,183.75,147.0
0.0899,107.41,85.0
14.7647,262.11,168.0
4.863,209.84,161.0
4.1942,117.63,122.0
15.0517,83.19,173.0
8.8042,148.04,160.0
4.7743,269.34,174.0
6.4723,107.23,139.0
0.0,230.09,116.0
7.236,168.28,167.0
7.2217,138.37,148.0
11.1328,178.33,180.0
7.8869,22.15,108.0
14.9159,38.24,134.0
11.0508,217.09,177.0
8.4995,55.32,122.0
4.7682,61.03,114.0
13.5742,161.37,180.0
1.6745,247.93,144.0
1.7701,40.32,86.0
4.6804,38.73,100.0
2.2998,9.78,85.0
1.3951,238.26,136.0
13.6407,155.77,180.0
10.2792,278.43,170.0
8.0306,270.23,180.0
10.17,14.39,114.0
13.4162,113.88,169.0
1.37,16.33,76.0
2.9754,176.18,134.0
5.5391,108.41,126.0
7.7655,293.26,180.0
12.8164,230.79,175.0
3.7183,99.8,115.0
11.9904,113.57,169.0
10.2678,252.89,161.0
9.4486,145.56,164.0
13.5654,199.32,170.0
3.7914,68.5,102.0
12.6654,55.74,139.0
4.5896,182.15,151.0
2.1216,266.74,153.0
2.9551,54.1,99.0
13.5124,153.17,180.0
13.1955,0.0,115.0
5.748,299.19,180.0
10.1916,167.9,179.0
2.211,76.77,97.0
9.2903,216.18,171.0
5.3853,268.17,180.0
7.9063,284.59,180.0
10.9001,33.16,121.0
0.0,298.3,145.0
14.2329,237.82,165.0
6.2584,200.29,169.0
6.2587,60.46,109.0
3.3455,39.16,90.0
4.9161,222.54,163.0
13.3488,144.62,180.0
9.246,70.73,127.0
0.0,117.47,88.0
10.5071,37.72,125.0
15.2402,201.17,165.0
0.802,52.32,80.0
0.0,260.71,130.0
0.5695,17.4,78.0
1.478,270.06,150.0
11.929,177.49,180.0
0.6915,299.99,153.0
4.7982,37.65,96.0
7.7415,140.02,158.0
13.4694,52.64,147.0
5.4682,105.74,125.0
9.5977,254.87,160.0
15.1161,2.26,122.0
3.8645,186.89,147.0
10.4446,122.93,161.0
6.9208,159.74,155.0
4.0598,236.86,171.0
3.7278,261.87,173.0
3.3896,297.83,180.0
12.6494,67.57,149.0
14.8724,94.34,168.0
6.528,0.78,101.0
3.9545,76.2,109.0
6.1208,13.95,104.0
6.244,197.93,164.0
14.3801,78.12,162.0
6.5463,190.09,161.0
10.0897,1.09,98.0
3.8295,140.01,123.0
4.0647,85.21,121.0
14.076,121.82,180.0
7.2371,270.9,180.0
7.6559,267.5,180.0
13.5075,37.38,128.0
13.6641,232.0,167.0
9.6399,70.71,132.0
1.7102,36.96,82.0
2.1283,106.14,100.0
3.0959,160.49,125.0
0.5875,198.09,122.0
8.5589,13.07,101.0
3.051,0.0,79.0
4.5343,216.42,158.0
9.4252,197.78,172.0
3.7113,167.55,133.0
3.7049,77.36,109.0
6.3477,163.97,156.0
7.1082,122.99,145.0
3.0426,38.77,92.0
11.7585,199.02,165.0
12.7804,215.04,180.0
8.0337,243.93,180.0
3.8177,230.15,163.0
11.7313,130.5,177.0
0.0,259.73,131.0
0.8327,98.69,90.0
0.5905,106.67,90.0
14.8587,16.69,128.0
4.634,36.03,94.0
0.0,53.58,73.0
10.049,6.01,106.0
12.6261,291.09,173.0
9.4257,290.23,173.0
11.7269,230.32,171.0
1.5749,292.54,156.0
9.2682,190.18,162.0
10.4685,201.62,177.0
13.516,182.35,168.0
6.343,139.48,152.0
0.0,147.14,90.0
7.9659,284.01,180.0
7.72,69.71,123.0
5.7351,43.73,110.0
11.213,123.16,175.0
6.2169,224.25,180.0
2.207,137.63,119.0
1.8246,55.01,90.0
11.6958,206.39,171.0
0.6001,283.88,141.0
6.4853,68.14,120.0
4.8885,25.16,94.0
0.0,48.12,69.0
12.5592,31.01,128.0
14.2551,70.74,154.0
8.6868,174.71,172.0
11.8965,101.96,157.0
13.3639,300.95,166.0
3.3169,9.77,80.0
5.3415,221.13,174.0
4.7198,31.56,100.0
3.2989,293.35,173.0
8.9003,106.82,157.0
6.3083,0.0,86.0
11.6999,178.47,180.0
1.3648,52.58,85.0
2.1826,253.56,159.0
4.5584,40.77,102.0
5.2929,297.98,180.0
10.027,76.39,149.0
5.6371,175.67,154.0
15.2399,61.52,152.0
8.6964,224.25,180.0
4.0449,202.15,147.0
14.1886,67.68,161.0
1.578,168.6,116.0
9.5146,270.63,161.0
5.321,82.71,115.0
8.4978,169.96,172.0
2.1412,229.19,149.0
6.3548,240.94,180.0
1.438,47.03,79.0
2.997,285.21,169.0
13.2546,6.92,118.0
3.2668,123.6,114.0
13.6155,140.1,180.0
3.96,198.26,150.0
14.0223,184.54,162.0
3.3254,92.67,108.0
2.4638,113.92,118.0
2.2422,207.69,138.0
7.758,145.25,156.0
1.7582,184.18,125.0
10.1785,131.03,166.0
12.8467,198.1,166.0
1.7419,60.75,94.0
12.8363,266.78,164.0
4.0685,183.18,142.0
4.7158,177.98,149.0
4.629,220.71,164.0
13.2488,198.74,169.0
0.8748,209.17,130.0
12.6441,93.31,156.0
3.3772,139.62,119.0
6.9402,279.18,180.0
0.1465,270.9,132.0
14.991,169.26,180.0
12.5998,82.32,160.0
13.2883,170.19,180.0
11.2753,0.0,114.0
10.5032,144.95,172.0
7.9158,76.22,131.0
5.5859,54.97,110.0
13.3543,156.07,180.0
5.4073,208.16,162.0
4.0623,240.07,162.0
9.6631,198.73,162.0
2.27,291.9,165.0
3.7449,282.54,171.0
6.41,39.72,108.0
14.4227,286.35,170.0
4.7962,197.99,158.0
3.165,160.37,124.0
7.8269,271.27,180.0
8.8549,25.48,115.0
13.2092,101.82,160.0
15.2176,139.91,180.0
7.8198,77.38,130.0
0.0,31.21,66.0
13.5226,74.85,160.0
11.8596,113.7,167.0
6.1374,210.05,169.0
12.576,70.66,156.0
0.9856,76.89,88.0
3.1011,185.89,141.0
8.8909,63.36,124.0
13.4016,129.87,180.0
13.6494,144.4,180.0
3.1887,46.42,97.0
0.926,7.96,73.0
4.4915,274.55,180.0
13.4776,207.85,176.0
1.4541,32.86,83.0
0.2394,86.72,79.0
4.1706,197.87,146.0
7.0144,29.81,112.0
6.4277,131.14,141.0
14.9122,5.6,121.0
14.3783,37.5,137.0
6.9157,2.25,103.0
3.3929,301.61,178.0
9.2883,147.38,163.0
7.2604,85.56,129.0
0.8849,31.86,83.0
5.7446,94.34,116.0
1.7318,122.38,110.0
10.1997,143.94,174.0
7.7884,299.97,180.0
14.4204,254.72,160.0
14.3205,283.3,180.0
0.0,83.56,76.0
14.0256,106.51,174.0
6.9251,2.38,95.0
12.388,147.09,180.0
1.6426,82.73,91.0
13.5868,200.82,178.0
12.6275,120.72,169.0
0.6117,182.53,116.0
10.4352,39.4,128.0
2.2279,78.6,92.0
11.8936,146.39,180.0
14.1694,283.2,179.0
10.1942,105.27,165.0
4.1942,29.26,89.0
11.615,156.3,177.0
14.8959,197.61,173.0
2.4948,38.27,90.0
14.4274,252.13,165.0
8.5675,70.31,131.0
0.0,283.22,135.0
4.5601,47.86,100.0
8.5367,47.78,124.0
0.2338,114.22,97.0
15.1791,192.04,169.0
3.8597,71.55,106.0
10.9135,243.77,179.0
14.7569,101.36,178.0
3.0503,154.95,127.0
11.6503,7.2,120.0
13.3311,162.99,180.0
10.928,112.94,166.0
0.2022,94.34,90.0
3.8596,66.93,94.0
1.5884,240.47,144.0
8.6875,216.45,180.0
11.0746,156.31,179.0
0.6369,277.79,142.0
11.1865,82.23,149.0
2.4283,231.95,144.0
3.3821,220.76,148.0
14.9954,206.91,177.0
14.7877,215.04,167.0
9.4167,228.75,164.0
13.2432,246.81,167.0
10.2364,202.11,173.0
8.7225,228.41,180.0
9.4105,6.98,118.0
3.8334,86.97,115.0
1.4519,207.14,139.0
5.6215,117.49,133.0
7.2483,138.15,154.0
8.73,47.5,119.0
7.7764,6.12,100.0
2.1356,37.49,93.0
0.9761,178.09,113.0
7.2104,113.93,143.0
0.0899,132.96,95.0
12.0285,193.72,177.0
1.4609,239.72,143.0
10.4132,102.24,160.0
2.4729,116.92,109.0
6.5479,208.68,168.0
12.8457,260.43,165.0
0.8064,191.96,112.0
7.9794,206.98,180.0
14.8101,132.08,180.0
14.2409,192.77,166.0
3.0963,221.26,152.0
7.1369,268.69,180.0
14.8406,91.83,171.0
1.034,231.05,133.0
10.8836,86.88,149.0
6.3953,59.21,107.0
10.5022,115.36,156.0
12.4074,282.98,177.0
2.514,231.41,145.0
7.7935,298.27,180.0
4.6811,100.41,126.0
1.6723,284.4,163.0
0.0,115.21,82.0
8.673,169.46,171.0
1.4157,207.43,130.0
9.5172,206.17,172.0
9.3005,13.72,108.0
9.2696,254.42,166.0
7.2624,161.08,154.0
0.0,51.46,81.0
12.5616,0.0,109.0
4.9227,37.94,104.0
4.6473,24.71,96.0
9.2923,117.33,150.0
9.7222,302.24,169.0
13.6454,194.78,169.0
4.0424,53.97,100.0
5.3716,276.23,180.0
4.092,16.64,94.0
3.983,177.99,140.0
14.4593,171.31,180.0
1.6708,124.24,110.0
6.1913,285.66,180.0
3.7038,69.27,101.0
11.857,82.98,150.0
0.6663,239.19,132.0
5.5781,75.52,121.0
11.6294,177.21,180.0
0.0,160.25,105.0
6.2359,175.22,153.0
10.3006,247.92,163.0
7.6613,298.13,180.0
7.6943,123.16,143.0
8.4893,252.91,180.0
3.1738,92.07,112.0
13.5719,84.74,156.0
14.1949,36.49,149.0
13.4506,270.97,178.0
5.5023,75.09,107.0
13.3827,54.19,145.0
13.318,246.47,169.0
0.2317,1.79,67.0
9.2967,37.62,111.0
7.2479,232.41,180.0
3.2467,270.26,169.0
6.241,23.09,101.0
8.5568,298.71,180.0
10.9451,51.86,135.0
15.0055,86.73,167.0
8.6862,79.07,134.0
0.0,254.24,125.0
14.0237,216.34,162.0
8.0735,147.07,152.0
2.6105,251.86,150.0
4.5882,9.16,85.0
8.0449,253.1,180.0
2.3687,117.73,106.0
15.0276,138.19,180.0
3.0995,31.41,88.0
6.2278,276.28,180.0
15.1393,263.99,166.0
3.1301,56.1,95.0
5.3753,233.23,177.0
6.1401,212.93,167.0
0.0,29.45,64.0
7.1087,182.95,167.0
4.0646,275.63,180.0
12.7938,187.1,180.0
1.4843,145.23,115.0
0.1083,254.35,124.0
4.7299,91.51,123.0
6.0777,60.07,118.0
14.0489,13.29,128.0
9.2867,7.79,113.0
1.6868,117.63,99.0
12.0436,15.08,117.0
0.0,33.1,73.0
10.359,171.1,180.0
11.9172,62.18,143.0
2.2015,282.65,154.0
7.9574,116.31,149.0
7.8356,17.88,106.0
6.1881,30.95,108.0
10.9079,0.0,114.0
2.4223,1.27,77.0
1.4067,247.1,143.0
8.1443,22.11,106.0
4.0925,45.83,102.0
0.0657,63.38,72.0
14.7692,177.84,180.0
10.1201,38.63,126.0
6.3828,91.34,128.0
2.9486,32.12,83.0
3.9739,37.3,94.0
9.3489,83.57,137.0
0.6275,30.35,69.0
11.6604,231.91,176.0
10.3263,168.13,180.0
6.4031,178.6,157.0
15.1457,123.29,180.0
14.8995,207.99,176.0
5.5883,285.2,180.0
7.1565,201.1,177.0
4.1442,161.33,134.0
0.8667,147.0,106.0
7.2275,61.81,117.0
13.4297,86.39,149.0
6.8638,216.33,174.0
0.0,190.9,104.0
4.8844,14.44,92.0
11.1229,197.92,160.0
14.9098,193.94,170.0
11.9705,154.23,180.0
10.8271,9.06,111.0
10.2798,0.44,104.0
0.183,71.28,79.0
0.1841,200.03,110.0
15.2453,184.21,173.0
4.1478,176.34,146.0
9.4053,286.46,165.0
3.2997,61.38,96.0
8.7895,184.17,180.0
9.2325,13.89,112.0
12.0354,192.18,178.0
8.719,151.43,154.0
10.2899,299.61,172.0
6.5482,55.0,113.0
0.9589,299.64,150.0
8.5055,247.26,180.0
14.3838,0.0,123.0
0.0,263.67,123.0
10.072,206.52,168.0
7.8587,230.37,180.0
14.2128,75.51,162.0
8.5208,120.88,151.0
5.3313,97.66,117.0
11.1843,28.47,130.0
1.7582,129.12,115.0
7.7088,239.68,180.0
10.4333,123.02,158.0
13.6028,163.63,180.0
8.5804,21.18,101.0
11.9042,247.09,166.0
0.9391,245.82,138.0
11.0882,38.29,127.0
13.2182,178.98,180.0
3.9653,268.0,170.0
1.7525,301.06,161.0
14.1024,5.72,121.0
9.5476,91.43,144.0
3.2345,270.12,168.0
12.8021,86.94,158.0
5.541,179.28,161.0
11.7068,153.11,180.0
3.983,94.53,112.0
9.494,2.12,102.0
2.5086,170.52,135.0
13.5453,147.03,180.0
3.2998,145.12,127.0
2.3979,170.61,125.0
6.9964,21.23,94.0
11.0952,86.15,153.0
1.6622,186.53,130.0
14.1245,246.44,174.0
14.9407,178.86,180.0
8.7222,198.58,180.0
3.2092,36.19,91.0
10.9327,207.9,169.0
1.3514,206.79,132.0
11.7538,40.36,131.0
8.9327,230.88,180.0
4.946,76.53,117.0
11.6116,261.54,175.0
6.9236,116.99,136.0
7.1745,84.62,123.0
9.3465,92.57,140.0
9.3874,229.78,172.0
0.9011,16.62,77.0
9.2274,185.4,162.0
2.9296,61.56,98.0
0.0991,178.18,109.0
1.754,124.39,111.0
2.3696,154.63,119.0
4.9619,108.01,126.0
2.5223,63.07,96.0
6.4199,183.07,160.0
11.9017,276.36,163.0
2.5479,68.89,98.0
4.5925,22.41,87.0
9.5733,248.01,165.0
10.1371,78.25,147.0
6.289,254.42,180.0
9.2891,37.69,114.0
8.9261,225.5,180.0
5.4096,86.9,121.0
12.728,24.62,137.0
12.5901,6.89,117.0
8.5205,46.2,124.0
11.2887,144.66,177.0
0.6639,122.23,103.0
11.7993,79.0,149.0
0.0,160.31,102.0
4.0399,22.61,84.0
12.4288,44.61,135.0
0.0,216.72,113.0
12.4524,254.35,165.0
10.2444,128.73,168.0
3.1381,154.45,124.0
9.5367,138.29,166.0
2.3869,285.64,159.0
9.5366,137.64,168.0
12.8464,155.24,180.0
3.0244,0.0,79.0
14.929,167.23,180.0
15.2206,38.39,139.0
6.4574,13.99,93.0
4.5095,123.68,130.0
6.3923,233.15,180.0
14.3974,228.4,173.0
8.5687,86.86,139.0
0.2442,137.18,99.0
4.8169,266.84,178.0
6.455,255.13,180.0
4.1784,117.63,119.0
6.1363,87.0,121.0
12.6085,23.14,124.0
11.8223,39.58,133.0
10.1421,200.36,180.0
7.1663,285.89,180.0
7.3371,146.85,152.0
3.2435,1.88,78.0
4.6476,13.92,91.0
13.2632,43.86,132.0
13.264,55.76,144.0
2.9487,182.66,131.0
10.0898,152.03,172.0
7.154,106.01,142.0
7.1904,8.49,95.0
5.5083,293.94,180.0
3.1265,191.71,145.0
4.6524,89.87,119.0
1.451,294.07,157.0
15.0023,169.52,180.0
10.1248,82.83,143.0
6.3786,222.17,179.0
4.0253,199.35,141.0
2.4186,201.45,128.0
14.1279,43.96,139.0
12.3871,206.6,179.0
12.7418,290.11,174.0
3.3038,170.14,134.0
8.7811,123.38,155.0
12.6933,36.94,134.0
8.6756,125.31,154.0
11.938,146.83,180.0
5.4285,86.91,114.0
7.2286,267.07,180.0
0.2483,182.5,110.0
6.9,85.19,120.0
3.906,191.67,150.0
5.5073,285.29,180.0
8.4804,133.04,153.0
6.9463,252.82,180.0
1.3815,190.79,128.0
5.422,106.83,128.0
12.8612,55.03,145.0
13.5055,28.85,136.0
3.7595,21.83,89.0
4.004,206.28,146.0
3.0194,299.21,176.0
10.9851,199.49,178.0
6.9593,116.3,135.0
10.5093,275.97,164.0
10.0507,90.83,147.0
10.1687,33.06,122.0
14.3553,260.73,166.0
15.1008,159.64,180.0
4.9436,194.33,159.0
4.8112,38.54,104.0
7.979,192.48,180.0
0.0714,275.22,136.0
0.0,209.03,116.0
10.8067,198.75,171.0
3.8578,286.97,180.0
15.0648,248.02,174.0
5.4511,63.77,112.0
8.8418,44.4,126.0
0.0,176.67,108.0
0.0371,121.15,89.0
3.2916,106.31,114.0
11.1689,153.46,178.0
0.5419,138.84,110.0
4.1335,51.95,97.0
11.6855,2.24,114.0
11.8298,198.04,164.0
2.4378,224.36,139.0
7.8491,123.63,146.0
12.7558,216.62,170.0
7.8334,239.44,180.0
0.6854,69.05,84.0
7.0735,154.77,162.0
0.8304,45.72,80.0
10.975,283.45,164.0
6.478,206.73,178.0
14.1173,122.84,180.0
15.2323,136.18,180.0
1.5253,30.61,76.0
10.0951,240.93,170.0
13.9749,197.55,177.0
14.2857,79.07,158.0
0.1962,223.32,120.0
6.9525,0.96,101.0
11.1443,94.61,152.0
8.5619,167.38,175.0
10.2085,139.29,163.0
6.8966,238.14,180.0
0.6439,100.46,95.0
4.5613,184.19,143.0
0.812,253.73,136.0
10.8657,122.56,149.0
13.3024,162.21,180.0
10.8214,202.47,174.0
4.5521,13.48,87.0
5.617,125.57,138.0
2.5215,287.03,164.0
3.291,297.52,175.0
2.1359,89.93,101.0
12.0382,269.08,169.0
13.3519,270.74,171.0
8.8232,36.85,120.0
8.0124,190.07,178.0
7.045,206.03,176.0
8.8222,170.05,175.0
4.6877,68.83,100.0
7.8446,254.85,180.0
4.7165,190.14,154.0
7.8421,8.84,96.0
10.0794,68.75,140.0
14.8022,263.19,167.0
11.7046,75.07,142.0
6.9608,131.32,147.0
14.4104,21.46,137.0
0.0063,137.63,94.0
13.4639,237.46,173.0
7.647,75.61,130.0
11.8848,151.62,180.0
13.2503,285.21,172.0
12.6466,199.22,179.0
11.1544,106.62,157.0
5.705,93.66,122.0
1.7161,216.35,139.0
4.0759,6.72,85.0
0.7652,236.04,128.0
8.6177,223.25,180.0
14.1404,185.2,161.0
3.1445,202.4,140.0
1.4256,254.52,140.0
1.526,176.1,126.0
7.7865,70.67,121.0
3.114,153.46,119.0
8.9176,110.04,150.0
9.2436,206.55,164.0
11.8893,229.22,161.0
3.3875,246.43,159.0
14.3149,194.62,168.0
13.981,246.46,160.0
6.3611,62.57,116.0
12.6773,47.64,131.0
1.0227,82.95,88.0
8.4362,67.9,129.0
5.3845,54.78,117.0
0.0,5.84,65.0
5.6042,17.19,94.0
8.4796,47.21,125.0
3.8635,292.54,179.0
4.7899,177.33,141.0
15.071,8.05,131.0
4.6425,185.32,153.0
5.6654,232.18,180.0
10.1059,170.67,179.0
7.2952,13.46,93.0
5.6512,131.25,140.0
5.5917,276.45,180.0
0.0166,200.31,118.0
11.9013,83.52,145.0
10.2731,177.11,180.0
10.9952,278.52,180.0
15.0282,63.06,152.0
1.5425,47.8,73.0
11.1039,185.2,163.0
9.3069,278.72,162.0
8.627,1.77,96.0
8.1075,152.01,164.0
5.697,263.87,180.0
13.4462,14.34,122.0
10.9402,14.25,109.0
10.2712,144.07,177.0
15.1639,291.34,170.0
14.179,125.44,180.0
4.5285,15.9,91.0
8.0442,93.73,134.0
3.2899,216.67,150.0
4.9198,47.58,103.0
12.8563,274.48,171.0
13.2814,56.34,139.0
3.324,255.63,164.0
13.6201,16.85,124.0
14.1401,63.14,157.0
14.2779,243.81,166.0
7.8684,14.12,103.0
3.2082,92.06,109.0
3.8608,238.04,168.0
6.3746,102.33,133.0
12.6936,130.3,179.0
7.2025,86.09,127.0
9.4763,215.67,161.0
7.6481,45.4,117.0
15.1841,160.37,180.0
7.2535,145.77,151.0
9.2585,161.33,173.0
13.5758,71.53,150.0
6.1469,47.41,107.0
9.6261,36.35,118.0
4.7458,75.82,117.0
5.4878,22.85,98.0
6.4119,222.02,178.0
4.9689,208.15,157.0
11.9264,113.78,162.0
14.7514,61.59,151.0
4.9367,82.74,109.0
0.958,46.25,81.0
0.8223,61.92,86.0
1.5548,302.05,156.0
3.9655,162.34,143.0
13.4295,9.28,117.0
14.3617,40.47,143.0
15.1607,282.25,170.0
2.9456,40.49,89.0
8.8403,14.44,101.0
3.8226,161.51,133.0
8.6465,270.95,180.0
4.1062,297.55,180.0
11.7088,24.41,121.0
8.7919,178.53,180.0
7.1172,107.43,133.0
0.6052,39.84,79.0
0.1675,85.01,89.0
10.0263,130.44,161.0
6.2312,98.12,132.0
11.0754,167.22,180.0
9.5789,36.64,125.0
4.1644,190.47,143.0
4.7042,278.62,180.0
5.5896,168.79,142.0
11.6488,299.84,162.0
5.4372,246.0,179.0
0.5842,43.77,81.0
0.0,247.78,118.0
7.2861,214.63,177.0
14.7778,25.0,140.0
4.8099,267.87,178.0
0.6688,99.01,98.0
0.5748,143.87,113.0
0.0,220.63,113.0
4.7432,37.99,96.0
2.5719,267.23,166.0
1.5185,100.61,100.0
8.9295,287.09,180.0
5.5302,194.2,157.0
6.2046,21.73,102.0
5.7054,278.81,180.0
8.7574,8.8,106.0
10.9787,151.66,172.0
0.0,170.46,98.0
14.3112,115.01,180.0
14.9112,187.0,179.0
12.6209,92.98,162.0
9.4249,161.74,170.0
13.6305,1.79,123.0
12.51,144.59,180.0
13.3383,225.32,174.0
4.1912,93.03,109.0
6.2928,209.31,172.0
6.2852,184.3,164.0
10.2428,245.26,173.0
7.9506,251.94,180.0
0.6565,97.56,87.0
3.8236,259.65,165.0
6.1063,60.71,116.0
13.2847,225.48,166.0
14.4369,130.25,180.0
14.4297,61.86,149.0
7.1493,132.15,143.0
0.0871,286.45,138.0
3.2687,46.4,98.0
6.1148,192.05,162.0
14.8747,108.51,177.0
3.0,115.1,119.0
12.3928,268.65,166.0
10.5003,116.16,159.0
6.3295,132.46,136.0
3.0687,154.2,126.0
8.0861,138.03,155.0
9.5992,254.93,176.0
9.5191,221.16,176.0
2.2306,131.55,116.0
14.947,29.93,136.0
4.5721,106.17,127.0
11.2726,190.3,178.0
2.9988,20.95,78.0
3.9804,299.91,180.0
13.2127,274.81,178.0
14.1026,207.67,166.0
9.4365,137.63,152.0
9.4531,86.76,139.0
13.2544,167.33,180.0
0.9129,0.0,70.0
14.836,191.1,169.0
2.4607,208.66,142.0
4.7962,48.04,94.0
2.2423,109.59,114.0
10.158,186.65,170.0
10.2346,98.98,155.0
5.547,276.87,180.0
5.4906,283.48,180.0
11.7615,200.28,175.0
6.1774,245.89,180.0
5.3761,123.61,131.0
1.3927,74.45,87.0
11.95,0.0,115.0
4.6091,83.9,112.0
10.1961,47.02,129.0
14.8572,24.05,135.0
8.553,163.13,166.0
6.9129,223.5,180.0
6.9383,76.69,122.0
8.5308,260.27,180.0
5.5597,110.17,129.0
7.1753,117.53,141.0
8.7406,67.57,123.0
1.8203,122.3,101.0
4.7838,48.6,104.0
6.8886,62.06,118.0
0.0,1.95,63.0
1.4574,225.32,136.0
13.1833,168.72,180.0
8.1099,139.42,156.0
6.2876,299.89,180.0
13.2737,190.19,166.0
0.8006,62.35,80.0
9.6278,251.66,180.0
0.1705,182.13,109.0
1.5287,207.8,128.0
3.7241,191.0,147.0
10.9904,29.95,128.0
1.5961,186.46,126.0
6.2267,269.91,180.0
0.1873,91.22,93.0
13.6152,53.32,141.0
9.4128,194.76,171.0
8.8276,215.96,180.0
0.5886,292.73,147.0
11.0959,274.93,167.0
9.6745,301.44,179.0
1.7018,238.07,142.0
4.6557,177.68,144.0
0.0671,231.74,123.0
8.0966,191.37,178.0
10.947,166.84,180.0
14.2662,284.16,166.0
11.9742,263.19,165.0
1.3978,7.55,76.0
3.8312,190.65,141.0
6.3737,290.45,180.0
12.0726,160.48,180.0
9.5163,108.56,155.0
8.0234,97.89,138.0
15.1587,269.28,170.0
12.5205,20.59,131.0
9.5381,46.23,117.0
8.661,231.86,180.0
15.1688,15.59,128.0
7.9648,229.73,180.0
11.6683,183.09,175.0
11.0891,293.02,160.0
0.0594,269.49,131.0
2.9604,40.92,85.0
11.1547,191.01,163.0
0.8765,292.12,143.0
10.3175,290.67,176.0
10.1543,294.23,171.0
10.8042,190.08,171.0
9.2985,17.6,113.0
14.1629,300.45,169.0
6.8916,283.02,180.0
9.4211,261.63,173.0
14.0606,120.7,180.0
6.0791,94.46,122.0
3.8008,8.0,82.0
10.9318,63.27,136.0
0.6169,213.98,120.0
3.8275,221.33,158.0
13.2174,184.21,168.0
4.7757,14.16,98.0
11.1201,261.78,170.0
8.8066,206.14,180.0
13.5043,98.44,169.0
7.305,221.93,180.0
9.6462,261.27,172.0
12.6223,176.88,180.0
4.7407,93.34,108.0
10.9424,93.09,155.0
5.3127,32.63,104.0
8.4868,37.19,117.0
14.8721,175.39,180.0
8.6836,164.0,170.0
0.0,294.01,137.0
15.1294,162.46,180.0
6.1724,232.11,175.0
3.8191,32.88,97.0
12.4371,132.87,177.0
10.4646,54.05,129.0
12.6968,16.69,133.0
14.1053,299.75,176.0
14.1716,247.07,178.0
4.1664,285.73,176.0
1.0052,261.19,148.0
4.7901,138.6,139.0
13.4431,1.91,120.0
11.1852,106.43,155.0
0.5719,162.79,108.0
5.3922,269.45,180.0
8.5976,121.34,154.0
11.6228,107.7,158.0
4.164,6.98,88.0
9.2432,8.72,103.0
4.9709,292.73,180.0
9.5501,192.5,172.0
9.4465,5.59,101.0
13.6188,256.23,174.0
0.9395,163.11,113.0
9.5156,275.2,164.0
2.4628,240.7,147.0
3.1946,63.89,101.0
2.3244,100.1,104.0
8.034,139.01,152.0
3.2261,105.61,106.0
9.2553,245.23,172.0
15.0494,167.39,180.0
0.9814,91.33,92.0
5.4368,98.8,124.0
1.5763,216.88,135.0
7.8167,75.34,122.0
4.5364,145.18,136.0
1.7763,276.38,150.0
6.9367,55.5,121.0
14.2979,286.56,164.0
0.8056,136.15,107.0
4.0174,283.77,180.0
14.1108,248.4,166.0
10.1711,30.96,119.0
10.4359,62.49,134.0
8.6551,247.83,180.0
15.005,279.07,176.0
8.0536,245.75,180.0
0.7784,171.1,113.0
11.0671,123.79,164.0
1.458,190.37,125.0
7.9485,285.56,180.0
9.6449,229.62,166.0
8.1304,259.24,180.0
3.1144,107.37,109.0
10.1696,146.03,173.0
4.945,30.35,92.0
1.366,70.26,94.0
4.0781,259.59,178.0
11.0022,75.91,143.0
2.2374,39.27,97.0
7.0996,177.23,169.0
0.0,291.48,137.0
6.9784,91.65,131.0
12.0577,110.12,169.0
0.2271,208.45,113.0
1.755,200.69,135.0
10.2131,138.32,169.0
2.2302,98.28,100.0
13.3524,29.9,129.0
0.6767,186.33,109.0
9.307,67.93,131.0
4.159,202.19,148.0
6.8889,176.73,162.0
8.5546,36.0,114.0
14.9533,63.34,148.0
4.5727,222.45,154.0
8.87,269.06,180.0
12.5021,105.75,165.0
4.0299,216.84,149.0
11.9447,22.86,114.0
1.775,268.14,153.0
0.6502,29.71,69.0
6.0756,163.71,147.0
9.339,56.15,126.0
10.9283,28.68,117.0
14.3463,13.09,122.0
0.0832,244.37,129.0
0.0,69.19,74.0
3.2565,79.02,108.0
0.8264,252.72,143.0
7.0683,23.31,102.0
2.5776,293.82,169.0
3.1776,238.09,156.0
11.9712,99.97,159.0
14.4435,286.17,171.0
10.249,15.82,116.0
15.2241,270.96,167.0
4.8085,23.18,93.0
14.1826,98.27,171.0
8.5043,84.2,133.0
4.0706,28.53,96.0
10.4339,232.98,168.0
13.2818,100.09,170.0
0.5542,21.35,80.0
3.2455,59.64,99.0
9.4491,138.73,170.0
0.8,7.0,73.0
1.5831,200.45,128.0
14.9977,282.77,166.0
7.7183,175.5,170.0
4.1906,293.18,180.0
7.23,0.0,93.0
0.0,77.93,76.0
5.2965,267.68,180.0
12.0715,48.58,134.0
12.0266,243.77,168.0
0.1423,7.88,65.0
5.3289,114.6,129.0
14.127,10.16,125.0
11.7807,8.56,119.0
11.9657,175.12,180.0
6.2231,48.0,113.0
13.3502,5.35,119.0
12.8546,122.0,177.0
8.0729,182.63,173.0
13.3016,177.25,180.0
8.613,159.94,169.0
14.7583,300.51,162.0
8.4858,277.14,180.0
13.3082,253.28,170.0
5.6257,246.37,178.0
9.328,17.62,100.0
4.1405,223.85,161.0
15.0493,84.88,164.0
12.0125,224.49,178.0
5.6913,184.19,160.0
6.4303,247.17,180.0
6.5482,100.7,132.0
6.9149,107.09,136.0
8.5602,268.45,180.0
12.6141,177.1,180.0
9.3256,124.91,146.0
9.5533,154.84,180.0
2.4401,168.63,128.0
13.4666,52.61,144.0
0.1853,69.18,83.0
6.5293,156.31,156.0
10.1081,140.61,161.0
7.8297,271.62,180.0
10.3598,185.49,169.0
0.6773,62.01,86.0
3.2309,267.06,165.0
7.8292,145.43,156.0
4.8835,110.16,118.0
6.0797,109.98,137.0
11.6733,48.54,138.0
11.7047,156.24,180.0
13.2173,137.63,180.0
7.2758,29.86,116.0
14.8356,92.74,174.0
7.7608,208.99,180.0
9.3001,30.97,119.0
3.3222,125.21,125.0
10.4694,248.19,176.0
3.1841,43.86,94.0
7.13,23.48,108.0
11.9912,206.47,177.0
4.6908,43.75,102.0
7.7639,90.22,135.0
1.5789,243.91,144.0
0.0,177.88,101.0
2.2989,51.38,90.0
7.8342,131.83,150.0
2.1377,231.75,147.0
4.634,76.95,106.0
10.9288,123.91,163.0
12.7486,259.54,179.0
6.918,54.85,117.0
13.1755,71.69,153.0
2.1269,46.31,89.0
1.7463,256.15,148.0
5.5405,232.37,170.0
14.7582,246.37,172.0
10.2414,301.05,162.0
4.7076,244.13,167.0
9.563,275.06,162.0
8.6239,62.85,128.0
14.8825,183.72,162.0
7.3263,144.58,151.0
10.2765,155.77,180.0
9.5381,199.02,163.0
11.6797,2.25,109.0
7.856,38.47,111.0
3.8254,61.08,102.0
6.3662,171.59,156.0
4.5133,63.81,107.0
9.244,155.16,164.0
1.8282,0.0,69.0
1.7168,274.78,151.0
2.9808,263.68,156.0
1.0185,224.15,131.0
2.601,0.0,82.0
10.1607,201.95,161.0
1.6863,0.0,71.0
12.0009,270.2,176.0
4.1444,199.32,152.0
2.2474,152.46,123.0
3.2269,44.64,91.0
3.7107,263.0,167.0
6.5022,202.22,168.0
10.974,36.68,127.0
3.7474,216.32,150.0
9.697,131.69,167.0
0.5919,183.3,110.0
11.8221,298.54,165.0
8.8544,294.74,180.0
13.2353,21.97,133.0
6.5485,261.17,180.0
13.474,114.43,172.0
10.4687,217.48,170.0
15.0698,0.0,126.0
3.2011,291.4,178.0
12.6814,271.48,162.0
14.1251,267.12,162.0
1.4838,299.3,163.0
3.3836,268.19,165.0
13.9998,178.34,180.0
2.5929,168.03,132.0
0.8059,184.88,116.0
2.5702,198.93,133.0
3.7001,213.83,158.0
5.3664,124.17,134.0
4.6429,0.0,83.0
0.8764,246.87,136.0
8.5674,186.77,180.0
2.5062,46.68,92.0
3.7903,243.8,158.0
0.849,163.71,107.0
6.0716,267.81,180.0
8.1423,59.26,130.0
1.656,290.77,149.0
14.3757,15.58,123.0
12.6521,285.73,163.0
5.7203,70.62,117.0
7.9099,159.7,163.0
14.8021,113.39,180.0
8.8348,197.66,180.0
10.8702,193.1,162.0
1.3618,275.15,146.0
7.9402,138.6,153.0
11.0252,293.28,175.0
7.975,267.54,180.0
12.0769,128.97,168.0
15.0666,54.77,160.0
3.1573,206.79,139.0
3.3858,94.32,108.0
0.0,122.05,91.0
12.7689,205.94,172.0
4.528,53.9,105.0
12.0611,94.75,159.0
8.5938,290.49,180.0
6.4185,182.9,168.0
14.9176,177.79,180.0
9.3358,182.83,163.0
10.0141,269.57,167.0
7.1822,192.27,176.0
12.0358,117.07,171.0
7.1499,152.68,155.0
14.3856,207.58,175.0
8.6211,230.33,180.0
9.4065,100.52,145.0
14.3032,2.43,118.0
10.9363,91.54,141.0
3.355,159.97,134.0
12.4141,187.03,162.0
8.544,223.69,180.0
3.1004,278.14,165.0
0.6799,29.64,76.0
6.9387,232.07,180.0
14.4137,298.49,178.0
13.4292,217.23,165.0
12.0696,117.87,167.0
10.159,177.24,180.0
12.43,129.17,178.0
3.0671,286.56,170.0
7.2873,115.79,134.0
6.4392,62.79,120.0
9.7165,45.71,126.0
0.0,60.29,76.0
2.1185,245.5,144.0
5.7202,300.51,180.0
5.3373,177.72,146.0
5.6832,161.85,145.0
3.8433,138.13,125.0
1.0094,168.06,110.0
15.2197,254.07,166.0
6.3592,268.99,180.0
12.6809,130.15,178.0
14.2389,245.47,165.0
14.3188,260.04,175.0
10.4306,90.38,154.0
15.2219,222.6,165.0
2.1626,99.02,101.0
14.8187,251.88,172.0
7.802,153.86,158.0
14.1323,261.0,173.0
1.6157,252.52,142.0
9.3701,186.08,169.0
1.5234,15.55,84.0
5.6386,136.83,144.0
2.1492,29.89,82.0
9.3185,52.62,126.0
7.0987,274.5,180.0
12.3974,109.37,161.0
10.8651,137.71,174.0
11.7494,185.22,169.0
8.6755,52.15,118.0
8.5746,263.77,180.0
10.0139,228.54,162.0
3.9423,67.94,107.0
1.7907,54.1,94.0
11.6982,2.34,118.0
8.4606,145.17,158.0
14.8768,24.7,136.0
15.0732,193.88,176.0
7.2133,94.16,127.0
4.6288,140.92,139.0
4.0705,17.67,87.0
6.2553,43.99,111.0
10.4601,225.0,166.0
12.0106,148.56,180.0
14.2602,140.82,180.0
8.0659,29.46,116.0
0.0,13.72,69.0
0.1091,161.19,99.0
11.6512,137.71,178.0
8.7681,271.43,180.0
4.123,55.55,103.0
13.3122,75.11,157.0
13.6665,102.47,170.0
2.3941,268.75,167.0
2.4125,154.07,124.0
13.4562,109.1,173.0
9.6464,277.35,161.0
10.3753,254.78,175.0
4.729,13.43,91.0
7.3186,267.25,180.0
8.9205,146.56,162.0
2.4864,129.46,109.0
10.4927,175.14,180.0
1.5589,38.14,87.0
3.7201,294.69,174.0
6.4277,120.6,145.0
10.2866,13.11,112.0
2.2997,205.79,141.0
14.1858,131.91,180.0
13.3752,137.56,180.0
13.5577,66.76,154.0
14.7634,245.26,164.0
12.6652,221.41,171.0
4.584,168.92,146.0
6.1267,132.91,143.0
5.6231,275.7,180.0
10.0958,120.82,157.0
13.4744,190.34,162.0
9.4288,15.27,106.0
3.2004,137.37,118.0
5.7642,221.72,168.0
9.3178,261.51,170.0
11.6222,70.06,139.0
0.2007,231.52,121.0
4.9129,221.33,164.0
14.1736,16.29,129.0
7.6961,44.82,118.0
0.5919,138.97,100.0
9.6185,122.29,166.0
6.3262,200.82,172.0
3.1789,53.75,103.0
7.6904,63.1,126.0
4.5203,198.88,156.0
8.5671,189.82,180.0
14.3531,292.62,178.0
13.6069,262.53,176.0
11.8697,301.3,168.0
10.1006,6.78,105.0
5.4561,260.31,180.0
9.7139,245.11,179.0
13.6193,222.66,166.0
12.6618,17.69,123.0
4.8645,178.37,152.0
4.9699,191.6,153.0
0.7085,93.06,90.0
7.3551,91.48,134.0
12.7206,154.67,180.0
12.8578,199.31,166.0
8.0974,97.81,130.0
10.2701,190.12,178.0
4.6167,15.35,97.0
5.497,37.75,108.0
3.759,161.89,138.0
0.8177,91.38,87.0
9.3733,82.5,142.0
2.4855,13.38,83.0
7.2778,130.06,147.0
14.214,221.64,180.0
0.1962,31.15,71.0
7.8095,208.41,180.0
14.1761,46.03,143.0
14.4263,21.97,133.0
11.908,70.76,139.0
0.0,14.87,60.0
13.5236,278.24,168.0
1.646,102.35,94.0
10.238,122.87,162.0
9.3703,163.08,172.0
3.7745,90.17,116.0
12.0789,91.23,153.0
14.9934,252.9,168.0
0.1964,121.73,96.0
7.7988,178.86,173.0
11.9088,47.68,133.0
10.0428,275.81,163.0
10.2706,76.28,141.0
9.6666,77.85,138.0
2.6183,169.99,129.0
0.7951,60.0,84.0
1.5464,269.86,151.0
0.0,291.91,129.0
5.6415,83.18,124.0
3.2447,59.67,97.0
14.2627,247.21,170.0
6.4772,9.73,100.0
4.1302,217.79,161.0
14.1725,209.65,165.0
10.3637,176.82,180.0
13.469,209.68,170.0
0.0694,206.32,115.0
14.8708,217.0,180.0
4.9685,91.27,117.0
12.5669,67.4,144.0
9.4395,154.84,161.0
6.2885,208.18,168.0
3.8423,139.72,130.0
10.2005,155.74,176.0
6.9738,271.68,180.0
11.6364,0.37,104.0
14.2238,60.23,147.0
7.7845,0.0,99.0
6.5131,9.61,94.0
0.0,137.92,94.0
2.9161,60.45,93.0
10.8269,29.2,115.0
1.353,169.92,117.0
10.1441,59.31,124.0
11.7199,108.16,161.0
4.1147,162.93,143.0
13.229,78.8,157.0
9.2845,39.69,128.0
4.174,236.07,160.0
12.0024,61.94,148.0
3.3742,171.7,141.0
13.4777,30.25,137.0
15.0701,206.85,177.0
9.3703,294.13,169.0
2.286,277.74,165.0
0.8334,61.9,84.0
2.4349,301.74,164.0
10.2717,169.88,180.0
4.6359,260.68,179.0
7.7074,107.04,142.0
12.7156,154.81,180.0
11.2879,7.59,116.0
3.8925,232.77,156.0
7.8403,223.24,180.0
1.5357,147.06,109.0
8.6079,76.99,134.0
11.7208,259.38,174.0
1.7315,222.1,135.0
13.1944,1.74,115.0
14.3304,262.03,174.0
6.9387,282.76,180.0
5.3074,84.24,120.0
9.2813,37.93,115.0
5.7431,114.83,133.0
0.1135,109.28,85.0
12.5424,192.75,162.0
11.8115,53.69,145.0
0.7055,30.33,79.0
0.1498,154.65,105.0
6.2606,77.08,121.0
1.8132,259.49,155.0
2.9849,237.2,149.0
7.2533,16.83,106.0
9.2663,67.04,132.0
11.2339,125.38,161.0
12.6258,124.02,175.0
2.9391,124.64,111.0
0.9384,136.84,106.0
6.4947,205.57,168.0
10.1168,278.71,170.0
10.0849,236.1,176.0
11.9758,31.27,126.0
4.7382,299.2,180.0
2.5921,37.11,88.0
14.0136,6.43,128.0
6.5313,7.75,92.0
0.0,231.65,116.0
2.511,55.2,94.0
7.2674,71.59,127.0
0.0,232.88,118.0
8.1089,67.86,122.0
6.4179,38.18,106.0
0.0269,46.23,72.0
10.3504,271.38,178.0
7.7998,239.92,180.0
8.6526,0.0,100.0
8.1049,8.38,102.0
3.3608,94.7,110.0
0.0,38.07,73.0
1.5421,77.35,96.0
14.0257,285.21,173.0
10.2475,138.36,166.0
2.3312,122.81,109.0
12.58,55.46,137.0
4.1762,290.32,180.0
7.8836,71.62,132.0
15.1495,224.87,164.0
3.3885,145.84,126.0
0.6983,246.23,138.0
13.5907,301.0,164.0
15.2481,238.53,176.0
3.8111,31.14,87.0
11.0609,116.32,171.0
13.3244,52.79,142.0
4.9824,128.73,133.0
10.1478,207.53,179.0
14.1107,282.31,171.0
1.3734,224.34,131.0
14.1552,107.92,177.0
4.8235,46.21,103.0
0.0,31.32,60.0
13.5547,169.45,180.0
7.2736,168.85,162.0
9.4455,276.95,165.0
12.0759,208.99,177.0
0.6092,22.01,74.0
6.2355,115.81,132.0
7.0298,94.27,135.0
5.657,128.38,133.0
8.1206,140.19,156.0
8.5652,13.86,113.0
5.4434,255.86,180.0
10.8487,1.64,111.0
0.7716,24.71,75.0
7.0408,245.44,180.0
1.3634,8.1,80.0
9.7155,271.19,170.0
12.5023,240.82,179.0
12.8347,169.38,180.0
9.6165,253.31,175.0
10.2847,267.46,166.0
3.7152,115.63,119.0
6.4818,8.72,94.0
10.9775,99.49,139.0
14.323,55.02,151.0
11.0648,284.8,166.0
2.6047,229.67,143.0
6.1569,17.04,102.0
0.0101,159.12,101.0
15.2005,223.39,178.0
3.967,301.18,180.0
15.1994,78.38,169.0
9.4395,155.32,175.0
10.9619,23.3,122.0
2.2208,78.1,93.0
5.3789,285.75,180.0
10.8433,68.74,142.0
11.9311,47.98,143.0
9.6891,147.54,171.0
10.4596,84.77,144.0
1.0131,21.31,78.0
3.2974,285.36,180.0
2.4047,282.77,165.0
7.9196,286.39,180.0
1.5829,121.74,105.0
12.6594,78.22,153.0
3.0341,1.69,80.0
2.596,17.85,83.0
4.534,123.96,132.0
4.5836,215.14,159.0
10.2093,79.09,132.0
8.8861,248.06,180.0
6.3352,255.75,180.0
11.1956,223.35,163.0
7.6706,63.62,123.0
0.0542,70.62,75.0
7.2595,240.48,180.0
4.891,238.76,171.0
12.5509,271.72,167.0
2.4353,63.79,94.0
6.0766,201.01,165.0
4.5619,240.95,165.0
6.2236,45.63,106.0
15.0623,290.48,165.0
6.2914,55.25,112.0
11.6909,175.86,180.0
8.9193,246.43,180.0
10.3543,97.57,149.0
10.8398,246.12,176.0
4.5677,277.69,180.0
8.7908,75.68,134.0
14.8639,285.04,178.0
12.8747,177.31,180.0
9.2816,5.96,105.0
5.3365,238.0,180.0
11.2518,299.63,175.0
2.5134,300.58,174.0
11.992,114.31,168.0
10.1646,205.96,168.0
0.0,214.02,108.0
7.8403,85.02,138.0
9.377,230.95,170.0
14.0279,155.41,180.0
6.2208,98.96,125.0
10.8421,5.85,113.0
14.4091,193.2,170.0
3.0941,255.81,160.0
0.6493,252.5,134.0
0.0575,254.79,119.0
5.6217,61.8,110.0
3.93,286.32,176.0
14.8665,251.67,169.0
6.3184,46.12,109.0
0.0,213.81,109.0
5.4645,154.65,142.0
2.2714,156.3,119.0
9.4298,175.65,172.0
3.3973,128.94,121.0
2.4123,106.24,117.0
11.0924,99.2,156.0
2.6012,233.08,146.0
8.6508,15.46,114.0
0.1711,252.05,125.0
3.1952,216.13,152.0
11.856,230.75,160.0
8.8484,131.0,155.0
7.6539,21.99,103.0
5.3803,277.19,180.0
4.4881,123.89,127.0
9.5686,93.0,150.0
12.8786,200.07,171.0
2.177,68.12,99.0
2.4562,299.95,180.0
7.1026,52.36,122.0
1.3314,121.65,103.0
11.039,44.98,130.0
8.0102,30.4,107.0
6.5245,62.53,119.0
12.8698,294.78,172.0
10.255,15.08,112.0
13.5391,159.93,180.0
15.2476,7.07,127.0
13.3807,63.56,149.0
2.4115,8.14,76.0
3.4043,115.4,113.0
13.9901,147.8,180.0
12.7365,193.8,164.0
9.5355,137.93,167.0
11.6798,201.52,164.0
0.0,70.86,76.0
5.4294,294.64,180.0
11.0042,192.54,172.0
4.5318,93.14,109.0
1.5628,221.57,136.0
3.8683,262.33,166.0
0.5988,115.24,102.0
11.6431,21.64,123.0
7.2693,300.96,180.0
3.3611,61.15,99.0
14.1171,182.22,163.0
12.5733,238.72,164.0
8.829,292.06,180.0
11.0524,60.08,139.0
5.3508,0.0,91.0
7.8336,293.34,180.0
13.5301,98.64,170.0
6.3752,53.49,112.0
1.51,137.75,107.0
7.2887,285.57,180.0
9.5676,283.71,173.0
15.1198,168.34,180.0
0.2052,144.07,103.0
0.0,245.61,120.0
15.1726,36.31,142.0
14.4523,93.89,167.0
3.9742,70.6,102.0
6.4464,140.3,145.0
15.2052,159.54,180.0
5.4045,124.25,133.0
1.6876,129.5,108.0
1.4214,8.9,76.0
7.7804,286.75,180.0
10.0366,32.29,122.0
14.3225,7.83,129.0
10.4063,117.51,160.0
10.8774,29.6,112.0
1.0114,9.7,72.0
3.9359,108.61,118.0
8.5534,269.98,180.0
0.8292,102.2,93.0
3.821,159.97,138.0
0.037,8.78,65.0
14.2148,146.13,180.0
2.4987,200.34,137.0
3.0404,147.77,125.0
5.7369,263.02,180.0
9.2857,275.55,161.0
3.2613,169.06,133.0
7.1169,185.9,164.0
0.6826,33.24,72.0
3.7538,15.43,94.0
3.2592,167.03,132.0
10.9595,102.18,153.0
5.6833,238.48,180.0
14.1899,228.61,177.0
13.2986,55.66,135.0
4.7469,124.62,130.0
3.0854,5.81,80.0
4.4913,171.21,138.0
14.1624,228.43,163.0
15.0732,224.71,166.0
10.4954,240.13,164.0
12.7839,270.33,179.0
4.5186,297.68,180.0
13.2649,184.83,177.0
9.6456,15.39,107.0
15.1613,290.74,162.0
11.5942,154.81,180.0
13.4266,283.44,179.0
3.0844,77.34,96.0
14.9579,275.28,173.0
3.1814,253.51,156.0
4.6563,98.43,125.0
11.0963,230.28,172.0
10.3997,183.57,166.0
4.1946,221.31,156.0
11.0722,246.05,171.0
9.6823,185.12,165.0
2.2833,90.49,108.0
2.1723,94.33,102.0
6.9583,236.62,180.0
15.0724,10.07,125.0
3.0571,60.7,93.0
11.0784,253.14,177.0
7.2648,236.09,180.0
13.2366,10.13,129.0
11.8458,189.94,165.0
10.4257,210.06,174.0
11.8285,236.76,169.0
10.159,171.48,180.0
5.4105,198.97,155.0
8.7644,200.0,180.0
11.0082,44.58,127.0
0.1326,174.53,108.0
0.1469,68.82,82.0
1.5905,191.09,122.0
12.5671,68.08,144.0
15.1383,92.87,171.0
3.9367,91.56,112.0
0.0184,147.72,100.0
0.0,38.13,75.0
9.6175,114.67,147.0
11.2142,221.41,165.0
4.7847,183.36,148.0
10.8787,79.26,146.0
14.1378,246.0,180.0
11.9906,231.04,171.0
10.141,21.85,121.0
10.5032,84.75,149.0
14.855,216.23,179.0
0.6747,159.22,105.0
6.3362,85.95,127.0
10.2831,168.97,180.0
6.2914,153.3,145.0
14.3061,83.76,166.0
8.1177,163.87,153.0
3.7365,240.82,158.0
14.0372,67.5,149.0
14.7575,299.8,173.0
9.6038,245.92,176.0
5.4465,108.39,140.0
11.731,245.14,174.0
6.507,185.37,169.0
3.3426,248.29,165.0
6.4026,301.7,180.0
11.2398,74.49,140.0
12.5201,1.56,113.0
3.1365,148.43,125.0
12.435,146.89,180.0
6.8969,185.82,169.0
4.0498,178.05,145.0
2.9276,137.21,125.0
5.6096,216.41,165.0
2.431,93.77,105.0
0.239,148.45,102.0
14.7773,45.14,141.0
2.1715,91.59,98.0
0.0,77.15,77.0
3.7964,16.51,90.0
0.0,98.17,82.0
11.2676,168.67,180.0
10.3393,146.17,170.0
4.9341,15.28,90.0
1.5857,199.26,133.0
14.371,121.87,177.0
8.5815,131.93,150.0
8.7606,223.74,180.0
12.4966,67.5,141.0
11.8791,114.23,176.0
4.0504,209.42,142.0
3.8425,45.25,98.0
0.5674,46.17,79.0
8.5147,45.28,114.0
6.313,132.74,139.0
6.2194,268.66,180.0
2.4812,60.18,90.0
13.5565,285.3,175.0
2.3516,17.77,74.0
6.9505,184.51,169.0
11.0594,224.28,165.0
0.0,224.4,114.0
4.9858,198.92,158.0
10.2954,221.79,172.0
11.1676,236.04,180.0
8.0673,217.24,180.0
1.0004,301.57,150.0
12.8767,30.94,124.0
14.4572,205.75,177.0
8.4404,113.16,138.0
8.0275,192.39,177.0
7.974,98.93,134.0
3.1362,177.9,137.0
0.7402,47.15,88.0
7.6879,277.34,180.0
10.0215,52.1,130.0
6.1551,290.38,180.0
12.6843,182.79,163.0
12.0659,200.71,169.0
11.7017,277.89,170.0
4.9386,122.77,134.0
11.1428,178.72,180.0
2.9975,197.68,141.0
5.7196,147.71,151.0
15.0744,109.92,179.0
5.6941,67.67,115.0
7.0467,54.95,120.0
4.5357,116.63,129.0
8.5062,291.87,180.0
3.9929,291.42,180.0
14.2101,214.61,163.0
2.5897,223.3,145.0
6.359,24.94,101.0
12.7152,231.0,165.0
0.7728,38.35,77.0
4.0216,167.16,142.0
11.9621,61.14,138.0
4.1112,267.45,180.0
0.5595,13.27,71.0
7.0946,162.0,158.0
7.246,29.44,99.0
1.491,199.77,125.0
6.866,228.3,180.0
11.1957,123.45,173.0
3.8889,91.35,105.0
7.0025,301.46,180.0
3.9633,191.91,147.0
10.9888,84.11,142.0
12.4387,178.31,180.0
11.0288,53.84,133.0
7.9358,192.02,174.0
3.2803,277.45,174.0
0.7909,144.64,105.0
5.4095,109.48,128.0
4.732,237.69,167.0
3.8368,253.88,167.0
11.2258,290.06,179.0
15.1623,153.07,180.0
10.2325,138.74,159.0
9.7199,216.11,160.0
12.8417,217.04,166.0
11.0761,86.54,145.0
4.6934,159.43,141.0
13.5223,159.74,180.0
2.3163,140.81,115.0
10.2314,244.75,180.0
6.3783,20.97,103.0
14.8361,24.81,135.0
10.1145,298.79,172.0
9.6934,108.35,150.0
8.0263,223.95,180.0
10.8473,78.28,146.0
4.8817,13.3,92.0
8.492,120.69,148.0
8.4845,175.33,172.0
0.5805,178.62,117.0
3.1089,37.31,93.0
5.4489,46.64,106.0
11.9026,206.77,160.0
14.4024,192.16,178.0
14.3683,294.42,173.0
11.2486,161.38,180.0
11.9835,53.36,137.0
0.0,36.87,72.0
5.5103,121.13,131.0
5.3446,262.54,180.0
14.0587,168.81,180.0
8.1364,255.99,180.0
3.0578,244.62,155.0
10.4175,198.13,174.0
10.9051,140.33,167.0
5.3288,31.55,99.0
14.2888,267.02,166.0
12.5551,99.6,163.0
13.569,108.35,174.0
0.962,94.61,103.0
1.0305,240.44,136.0
2.3612,62.98,96.0
1.5424,52.4,99.0
1.6999,113.72,102.0
0.0,120.64,85.0
1.6466,128.54,112.0
4.1652,121.89,121.0
12.4934,190.04,162.0
8.1099,175.22,171.0
11.0142,37.14,128.0
10.4423,48.22,121.0
1.6022,106.85,101.0
8.5359,207.67,180.0
5.4704,212.91,162.0
13.2472,128.79,180.0
10.3863,78.99,140.0
9.3088,283.73,172.0
6.1662,262.41,180.0
4.5706,278.75,177.0
15.0689,201.65,170.0
2.4026,263.56,152.0
8.9136,46.68,117.0
12.5278,17.24,119.0
8.12,115.91,144.0
1.6208,5.24,72.0
4.8925,229.69,169.0
12.796,21.14,124.0
4.5562,246.61,167.0
6.3697,87.1,125.0
2.148,247.3,151.0
10.3888,0.0,103.0
9.6583,75.67,133.0
2.415,160.2,127.0
1.7205,83.36,96.0
4.7771,86.01,108.0
12.0282,147.16,180.0
11.2762,46.89,127.0
9.3792,190.98,172.0
8.5223,8.67,104.0
7.8228,117.09,143.0
0.6213,53.85,83.0
6.5244,45.83,116.0
7.2418,209.15,176.0
4.5859,159.16,137.0
6.5641,223.45,180.0
2.2083,263.27,152.0
14.3857,162.14,180.0
1.6905,253.13,149.0
0.6064,129.69,92.0
6.2365,0.28,96.0
0.1021,85.57,81.0
4.9526,23.47,91.0
6.3679,251.87,180.0
12.4613,200.1,167.0
11.2715,7.53,114.0
11.8284,136.27,175.0
0.0984,124.42,89.0
7.2621,261.85,180.0
10.0453,122.9,158.0
0.6111,153.75,117.0
7.905,69.69,126.0
6.9653,168.67,166.0
10.1972,17.17,109.0
7.7748,270.71,180.0
11.6168,76.53,137.0
9.6574,238.32,173.0
2.223,52.42,89.0
3.1552,240.69,156.0
1.4454,208.57,130.0
6.9591,9.76,102.0
12.0006,76.57,153.0
0.6793,161.43,107.0
4.6976,144.18,138.0
3.0273,93.07,103.0
5.575,46.43,108.0
6.9661,62.51,121.0
4.031,228.6,159.0
5.6117,51.62,115.0
2.1216,159.09,112.0
1.3926,67.94,89.0
2.9655,109.68,116.0
7.8436,92.51,138.0
0.0,182.84,103.0
11.1623,200.35,164.0
2.2339,190.7,129.0
13.6682,62.22,145.0
1.4631,239.75,135.0
11.8599,116.66,170.0
15.1226,267.96,169.0
6.4838,48.15,105.0
1.7429,129.75,104.0
15.0235,90.29,173.0
0.6653,39.73,78.0
11.7956,113.5,166.0
9.5202,178.84,180.0
13.2851,201.35,170.0
5.702,45.15,104.0
4.8208,0.0,89.0
11.2985,186.43,176.0
14.9093,247.55,172.0
11.2224,301.87,178.0
3.9457,290.64,180.0
2.3991,160.37,114.0
14.2176,300.21,178.0
0.0,145.89,97.0
9.4797,268.39,166.0
3.1284,39.38,89.0
4.1795,28.89,100.0
14.7833,15.95,123.0
12.0148,269.46,163.0
1.4067,68.73,87.0
13.6559,108.07,178.0
7.2995,12.93,98.0
10.1241,14.59,114.0
9.4179,229.09,174.0
1.7821,206.2,128.0
5.6277,54.1,105.0
3.0983,38.39,89.0
11.0537,101.05,162.0
0.0,14.1,62.0
9.5786,140.76,165.0
8.06,22.05,107.0
3.106,222.68,147.0
11.2338,260.98,170.0
14.3716,132.16,180.0
7.8929,260.5,180.0
0.6134,15.57,67.0
8.7017,78.94,132.0
0.5546,108.5,92.0
2.2646,63.29,91.0
7.3227,109.2,136.0
14.9746,286.99,164.0
6.9325,137.66,150.0
14.1926,239.97,178.0
9.3831,109.65,151.0
0.9324,286.09,148.0
4.5641,0.0,87.0
10.1755,299.95,166.0
0.9929,209.44,122.0
4.074,294.57,180.0
14.3012,0.0,114.0
13.5334,55.03,139.0
13.3687,117.22,177.0
1.449,31.73,82.0
10.2692,82.18,134.0
10.1361,140.58,172.0
10.0138,100.97,150.0
3.9691,75.12,107.0
0.0,170.14,101.0
9.5667,267.6,175.0
7.0931,237.64,180.0
5.4672,40.88,103.0
12.8603,36.77,135.0
2.9848,144.6,125.0
2.2393,7.44,79.0
6.3982,300.1,180.0
14.3499,144.71,180.0
0.7435,47.28,79.0
8.0971,59.2,124.0
11.2823,117.86,169.0
0.0514,268.36,133.0
6.1751,5.74,93.0
6.9702,299.99,180.0
14.2038,207.0,164.0
10.8872,175.61,180.0
3.02,206.29,140.0
12.4593,229.46,171.0
1.6176,176.21,120.0
15.133,21.95,137.0
0.9338,298.73,149.0
13.9613,54.2,146.0
2.5005,224.21,146.0
15.1542,62.41,158.0
8.9155,31.82,112.0
15.2353,225.09,170.0
3.7764,109.05,121.0
7.8366,185.92,173.0
10.0351,23.76,111.0
9.4439,146.31,163.0
0.0109,191.71,112.0
4.1944,255.94,168.0
8.4524,32.48,111.0
4.1844,175.44,144.0
2.5185,255.89,149.0
10.2256,54.4,134.0
1.8246,253.91,153.0
1.7662,102.1,106.0
13.2178,190.86,168.0
8.5947,125.03,155.0
4.9096,115.32,121.0
3.753,171.35,138.0
7.6899,193.86,177.0
4.8943,0.0,88.0
12.4105,216.58,164.0
10.4996,52.95,134.0
11.8831,230.3,177.0
0.6733,113.84,96.0
12.5499,252.38,170.0
3.2398,124.01,116.0
3.9336,154.93,132.0
3.1605,221.75,150.0
2.5734,270.46,160.0
13.2634,36.36,129.0
0.5581,153.13,108.0
1.7846,289.95,156.0
14.4015,152.67,180.0
7.1832,300.01,180.0
10.9878,271.13,173.0
3.3671,78.99,111.0
15.1664,98.92,176.0
14.2867,284.03,161.0
12.7646,163.09,180.0
14.9505,300.34,177.0
14.0029,253.88,174.0
14.9235,14.84,127.0
0.0,106.4,88.0
14.9427,285.55,164.0
3.1301,236.76,162.0
5.375,256.34,180.0
3.2596,130.16,126.0
3.8924,109.12,117.0
13.2375,271.07,175.0
0.0597,217.2,116.0
11.7781,16.98,122.0
8.6408,37.56,113.0
10.333,125.16,168.0
6.9456,151.83,155.0
4.8194,285.44,180.0
4.0041,124.97,127.0
6.8913,286.53,180.0
7.256,214.81,180.0
8.7288,299.09,180.0
12.4714,275.06,176.0
14.9372,179.17,180.0
8.8643,39.65,115.0
10.2492,153.82,172.0
0.709,167.84,114.0
2.393,86.35,105.0
0.9057,53.05,88.0
4.509,7.8,91.0
12.6182,215.36,175.0
15.1878,61.44,157.0
4.8875,115.0,126.0
11.0381,267.09,171.0
3.9237,91.17,115.0
8.1329,206.15,180.0
15.1265,262.71,168.0
11.8576,0.0,108.0
4.816,240.86,178.0
8.441,167.24,179.0
11.8415,252.16,161.0
14.313,253.27,164.0
13.557,131.68,180.0
1.3454,290.07,156.0
1.6022,136.24,108.0
3.0261,55.02,98.0
0.7984,92.31,93.0
0.2001,205.54,117.0
12.7044,70.46,147.0
2.5319,5.5,76.0
3.3777,269.55,169.0
2.9771,267.86,155.0
9.4979,114.47,150.0
7.3152,110.08,136.0
7.1234,244.16,180.0
6.0886,76.08,118.0
1.5688,1.21,74.0
7.9071,120.59,145.0
6.1796,259.51,180.0
9.6843,175.81,180.0
7.0431,208.27,179.0
12.6346,83.06,153.0
12.6405,278.02,165.0
3.0734,8.32,84.0
7.8584,201.75,176.0
9.4283,194.8,175.0
8.4558,15.75,102.0
6.9119,297.91,180.0
11.9126,238.94,168.0
14.9195,197.76,178.0
4.4902,170.55,150.0
7.2307,108.48,138.0
14.0798,146.71,180.0
9.3074,86.54,137.0
1.4477,254.16,148.0
8.1026,276.35,180.0
4.926,159.65,139.0
12.5352,129.81,176.0
4.0185,61.1,107.0
15.2208,232.47,177.0
13.4641,36.2,142.0
4.678,259.68,175.0
14.1445,116.83,175.0
8.4361,117.68,150.0
4.6054,268.9,180.0
12.0331,2.22,111.0
6.5617,221.02,175.0
8.6764,200.61,180.0
7.9602,186.9,175.0
8.0179,0.0,99.0
6.2673,144.89,151.0
2.4997,236.55,151.0
8.4893,109.65,142.0
6.4147,284.2,180.0
6.8944,213.93,180.0
12.5127,16.23,117.0
15.2064,14.17,128.0
0.7002,9.11,76.0
1.7582,100.67,103.0
13.5157,159.41,180.0
4.7192,263.01,176.0
10.3064,184.61,177.0
3.9906,177.22,141.0
2.1948,248.6,152.0
13.2256,132.83,180.0
14.8574,222.0,178.0
10.8664,85.14,146.0
15.0363,107.99,179.0
2.9513,270.47,162.0
6.5563,160.79,150.0
11.6877,101.06,162.0
5.3717,217.37,169.0
6.092,113.38,141.0
2.1666,178.17,132.0
6.8737,236.39,180.0
7.6527,116.13,143.0
12.0193,91.47,159.0
0.901,199.54,121.0
2.923,123.62,121.0
6.2886,162.25,149.0
0.9899,232.76,138.0
14.3424,175.33,180.0
3.1933,7.31,84.0
11.6685,83.0,147.0
0.6673,60.34,82.0
9.6745,15.74,111.0
12.394,138.94,180.0
5.7624,107.88,127.0
5.6008,284.72,180.0
6.466,186.8,166.0
8.4943,206.09,180.0
12.6458,284.01,162.0
13.4661,62.88,150.0
4.8955,269.02,178.0
10.8654,223.33,173.0
7.209,131.55,151.0
12.763,251.46,164.0
6.4367,7.07,99.0
4.1889,31.08,86.0
4.9183,184.47,156.0
11.9125,167.19,180.0
8.7783,100.04,145.0
13.2176,146.41,180.0
6.908,167.57,160.0
11.7363,115.53,161.0
3.7479,194.26,146.0
4.8828,232.14,171.0
1.3595,236.08,131.0
0.2479,60.18,75.0
7.2734,28.66,106.0
14.7584,102.11,178.0
7.2518,17.06,98.0
5.7587,124.18,139.0
1.7545,68.66,82.0
3.8488,271.33,174.0
12.4849,301.4,165.0
10.4428,138.62,177.0
15.1945,193.08,172.0
6.9646,216.51,180.0
0.0,154.38,100.0
0.8105,15.31,74.0
0.0,269.37,132.0
2.4774,83.51,104.0
6.5354,238.91,180.0
4.7829,123.32,134.0
14.8057,270.75,170.0
7.8009,63.67,118.0
3.9698,161.49,142.0
0.0002,97.87,82.0
3.1104,62.71,93.0
3.1822,109.3,123.0
14.9508,36.04,142.0
8.8841,247.19,180.0
6.5477,194.56,164.0
10.3105,8.0,115.0
11.2014,23.92,120.0
4.8842,152.69,142.0
5.4823,124.08,133.0
3.0361,110.14,112.0
7.6671,151.71,163.0
8.5048,78.65,135.0
10.4965,14.25,115.0
8.644,199.36,180.0
15.1475,246.27,171.0
6.3542,99.1,132.0
3.7431,54.14,98.0
4.0329,132.04,133.0
4.8918,170.41,149.0
14.3748,32.05,138.0
5.6059,231.39,175.0
2.1804,46.67,96.0
0.9421,14.56,77.0
0.0,275.1,132.0
14.8862,270.55,172.0
6.1687,83.75,121.0
6.5198,0.0,88.0
6.4725,285.44,180.0
9.3602,86.42,139.0
11.274,206.77,176.0
4.9468,301.27,180.0
14.1444,199.54,168.0
12.8399,216.07,161.0
5.4225,160.56,140.0
14.9901,192.4,176.0
7.0761,284.16,180.0
14.2411,124.82,180.0
3.2637,239.03,155.0
13.4356,260.47,176.0
8.7446,200.0,180.0
8.7677,0.0,108.0
7.244,68.22,115.0
0.6126,13.93,71.0
10.8496,243.84,174.0
9.4745,79.33,135.0
6.5007,229.61,177.0
9.6785,293.84,167.0
13.5498,115.04,173.0
8.1259,16.15,106.0
6.8971,215.19,174.0
3.2955,125.27,115.0
8.9191,169.18,172.0
1.6739,248.37,151.0
10.9035,56.07,132.0
0.0,159.28,99.0
6.878,113.44,137.0
7.2647,46.03,110.0
8.8938,275.82,180.0
12.6138,182.24,173.0
1.5538,216.38,140.0
8.6453,246.29,180.0
9.4236,177.05,180.0
5.7249,52.68,107.0
6.8562,123.46,141.0
2.2351,82.65,98.0
12.3935,299.8,175.0
11.1821,221.99,170.0
2.3712,231.72,145.0
8.9006,284.88,180.0
13.4537,62.48,146.0
12.4412,144.27,180.0
4.7084,85.44,116.0
0.0,136.97,92.0
14.3751,214.17,176.0
4.5386,236.11,167.0
12.6187,169.6,180.0
0.6845,156.15,109.0
6.5108,16.4,104.0
12.8209,45.04,140.0
14.3035,21.39,132.0
13.5656,109.61,175.0
1.6834,131.46,115.0
9.376,245.49,174.0
13.5923,102.37,161.0
10.8783,279.15,178.0
7.8076,31.16,107.0
5.7482,130.15,136.0
0.8355,221.5,123.0
2.1523,170.36,120.0
1.4224,285.58,147.0
1.4191,221.14,129.0
0.1535,130.88,98.0
5.3816,152.17,137.0
0.6151,30.28,72.0
5.7053,240.91,180.0
7.6537,169.13,161.0
0.9592,84.7,91.0
10.4589,200.67,179.0
5.4284,229.0,172.0
8.0978,22.14,106.0
7.896,53.36,118.0
11.058,152.1,178.0
8.5331,222.54,180.0
6.2214,301.42,180.0
10.2915,2.29,101.0
3.8023,212.93,155.0
12.8325,175.22,180.0
10.4068,120.65,160.0
7.2155,93.43,133.0
0.8281,13.67,72.0
1.4744,237.27,145.0
8.589,153.62,165.0
8.4429,240.46,180.0
9.2244,205.19,176.0
7.7743,198.66,180.0
4.7603,190.23,149.0
0.7494,191.66,113.0
5.5778,255.33,180.0
1.3645,1.99,72.0
1.8075,290.84,159.0
0.0187,136.27,97.0
0.9827,214.68,129.0
11.6834,1.62,110.0
8.6314,14.71,105.0
15.0701,114.67,180.0
6.5269,0.86,95.0
4.0958,47.55,96.0
6.3875,246.91,180.0
4.16,94.78,110.0
9.2303,74.49,140.0
13.49,85.56,165.0
7.1016,20.79,97.0
0.0,85.0,78.0
0.0,160.79,100.0
1.7122,291.1,159.0
4.9709,59.2,108.0
13.5645,116.11,173.0
5.3878,47.29,105.0
0.7469,230.57,130.0
11.7308,192.21,161.0
5.4677,160.36,141.0
10.2475,86.59,143.0
8.1287,100.81,139.0
3.3373,138.56,130.0
3.8836,43.8,90.0
6.4821,148.5,142.0
8.8582,229.05,180.0
8.6037,21.4,105.0
0.0758,182.16,106.0
12.4588,39.67,132.0
4.1069,130.98,124.0
1.5385,206.85,132.0
7.709,107.7,140.0
0.6743,83.42,83.0
7.6503,192.84,169.0
9.5213,145.95,162.0
10.1025,139.66,164.0
2.1379,271.44,163.0
15.2434,291.28,163.0
11.8588,198.27,169.0
0.0,110.08,78.0
0.5404,143.81,103.0
12.7118,171.17,180.0
14.4553,190.37,166.0
7.1376,10.02,99.0
6.4149,247.21,180.0
1.7407,252.02,150.0
2.1481,14.97,86.0
12.5408,137.48,177.0
1.6852,62.77,89.0
12.8121,0.0,113.0
8.6064,289.92,180.0
14.7672,39.27,140.0
3.9917,198.62,154.0
3.9498,214.79,156.0
13.4839,94.37,172.0
1.404,132.14,111.0
3.7821,114.84,121.0
2.2052,59.07,91.0
4.0688,93.74,109.0
9.4593,93.41,137.0
6.5454,54.99,109.0
5.3821,207.59,167.0
5.5928,69.66,109.0
2.2699,199.65,139.0
13.4723,182.3,168.0
8.6036,2.35,105.0
4.7329,113.02,128.0
9.4901,223.31,178.0
14.8621,13.06,130.0
8.1104,54.88,118.0
3.0237,53.03,98.0
10.3444,145.35,171.0
1.3825,171.32,115.0
9.6129,92.5,153.0
0.7012,71.17,82.0
13.2068,67.74,144.0
15.0081,162.32,180.0
7.812,284.2,180.0
0.172,114.43,90.0
7.0953,269.0,180.0
1.7259,10.11,80.0
7.8255,136.95,154.0
12.8284,128.56,177.0
7.2874,186.36,169.0
2.3745,215.17,139.0
14.1638,246.21,172.0
3.7234,202.01,154.0
11.7574,25.08,127.0
7.14,147.33,154.0
10.8521,298.87,162.0
14.3056,59.09,145.0
10.4895,33.2,118.0
15.0339,79.15,158.0
0.9579,33.13,79.0
3.0353,198.07,146.0
0.8768,92.99,95.0
2.9162,221.96,141.0
14.9861,182.26,177.0
3.2998,15.8,77.0
8.0049,85.63,130.0
14.9283,239.34,170.0
14.1281,222.51,165.0
4.1547,193.49,143.0
3.2676,70.65,109.0
8.8745,253.68,180.0
4.6056,240.94,175.0
3.8185,71.01,104.0
15.0197,59.41,157.0
12.6911,240.2,178.0
1.5057,291.82,154.0
0.0,140.55,91.0
7.0449,239.8,180.0
6.3241,230.65,180.0
10.9314,251.74,162.0
12.0499,0.0,115.0
4.8602,29.89,99.0
0.0,278.66,132.0
11.9504,271.63,171.0
11.6488,277.73,168.0
5.6927,0.0,95.0
11.1513,122.09,165.0
5.435,89.92,124.0
4.1958,133.16,126.0
8.0835,101.28,136.0
2.1469,86.54,102.0
4.836,115.9,120.0
3.8694,239.79,165.0
15.2224,24.8,137.0
9.2575,130.85,158.0
8.8491,133.06,158.0
13.4457,93.03,158.0
15.0269,21.28,133.0
7.8487,24.19,104.0
11.1136,32.48,123.0
12.6004,0.0,112.0
2.3246,60.6,89.0
7.2814,13.35,106.0
2.3508,23.56,82.0
8.9302,162.07,174.0
8.4856,192.67,177.0
6.1445,223.31,171.0
7.2841,28.27,108.0
9.664,192.07,166.0
2.9652,271.03,165.0
11.9494,137.07,178.0
7.1113,167.0,156.0
9.3938,276.6,172.0
13.5621,23.07,133.0
1.4682,215.55,133.0
4.1896,268.36,173.0
13.6098,48.32,146.0
6.239,298.45,180.0
10.4408,217.8,171.0
6.8694,6.85,91.0
7.8579,182.38,177.0
8.4553,71.21,129.0
7.0692,140.42,149.0
12.6626,268.86,180.0
3.8296,61.95,102.0
0.5893,289.82,143.0
9.3088,99.3,149.0
10.2091,194.65,179.0
0.7733,284.17,144.0
9.3193,45.07,120.0
3.4066,0.0,79.0
4.867,206.68,156.0
11.6442,261.67,160.0
10.9245,0.0,106.0
10.1117,125.28,162.0
8.6429,290.67,180.0
13.4856,17.73,123.0
0.1219,46.84,72.0
10.8101,267.28,172.0
10.3744,83.76,151.0
12.5309,9.78,119.0
0.0954,123.73,94.0
14.7526,261.42,180.0
3.2852,198.07,143.0
9.6337,90.94,149.0
5.6987,232.56,180.0
11.829,125.57,170.0
5.7479,153.03,149.0
0.0,44.16,66.0
7.0724,67.8,123.0
1.5549,245.42,143.0
10.9797,0.0,113.0
5.4095,159.69,148.0
6.4177,40.83,102.0
14.302,153.33,180.0
8.4773,25.07,111.0
11.6955,55.55,140.0
13.304,171.41,180.0
3.9633,298.72,171.0
13.3334,83.94,158.0
2.1269,155.99,120.0
10.9052,114.18,165.0
7.3424,38.02,119.0
8.9189,137.41,157.0
2.9372,60.54,98.0
12.6214,251.82,176.0
7.1686,192.14,176.0
2.4108,36.76,93.0
6.9448,145.34,153.0
4.5192,192.55,152.0
6.1931,153.27,149.0
1.5398,139.45,117.0
12.4509,205.78,161.0
14.068,31.71,133.0
14.782,252.91,166.0
1.4231,129.17,109.0
14.0351,177.74,180.0
0.0,236.8,118.0
10.4208,78.0,146.0
7.1058,70.23,123.0
1.6234,160.71,122.0
3.3102,279.06,170.0
14.0514,132.12,180.0
0.0,161.97,101.0
7.2207,91.74,128.0
12.5974,177.21,180.0
8.9047,263.76,180.0
1.3417,39.91,76.0
8.577,59.86,128.0
14.8882,85.11,168.0
10.3837,284.94,174.0
15.2456,161.42,180.0
8.4648,99.49,138.0
8.4346,75.44,131.0
9.4159,205.48,167.0
8.7964,52.74,121.0
8.709,178.41,175.0
0.0,116.28,87.0
7.6482,159.98,157.0
14.0262,144.33,180.0
4.0911,223.49,161.0
8.8401,75.97,141.0
6.1202,14.29,98.0
11.943,184.68,170.0
4.5648,301.51,180.0
14.4505,124.5,180.0
13.3038,205.74,161.0
3.2257,230.6,161.0
12.4821,36.5,133.0
0.1091,186.76,107.0
8.8592,244.25,180.0
11.1371,7.15,116.0
1.5795,23.24,85.0
13.5864,152.03,180.0
0.0,299.91,138.0
3.737,71.36,105.0
12.6957,92.29,169.0
3.3233,297.92,177.0
0.1851,238.32,126.0
9.5201,286.03,164.0
3.8817,90.38,111.0
1.5596,84.84,100.0
4.1652,60.99,107.0
13.308,110.16,168.0
10.1116,137.8,163.0
11.6671,259.27,172.0
1.4513,163.23,120.0
14.0295,1.18,125.0
3.8513,240.12,167.0
12.4728,170.58,180.0
4.5718,128.94,128.0
11.9953,101.05,164.0
0.2499,117.01,102.0
6.2405,285.55,180.0
5.5197,114.41,132.0
15.026,117.66,180.0
7.1185,254.48,180.0
7.1331,168.15,162.0
13.6591,0.0,117.0
0.731,221.73,134.0
0.0,216.06,114.0
9.4975,276.02,163.0
0.0839,223.76,110.0
11.0265,71.69,140.0
7.8135,99.33,135.0
12.5333,222.17,177.0
7.9073,28.85,115.0
3.106,206.91,147.0
11.1117,152.56,180.0
1.6503,133.08,109.0
6.398,62.81,120.0
4.7202,67.62,106.0
13.4932,8.18,117.0
9.7115,301.36,165.0
12.5996,94.26,165.0
10.274,63.42,138.0
5.7636,29.94,96.0
0.1362,146.31,100.0
9.4994,114.24,163.0
5.7397,146.85,143.0
2.1249,146.74,122.0
8.8774,20.94,104.0
14.9829,232.25,174.0
10.9529,201.31,171.0
15.2006,223.17,162.0
5.656,284.11,180.0
2.5779,108.24,109.0
4.6154,225.28,169.0
1.33,116.81,104.0
7.2247,183.25,167.0
12.4079,40.19,139.0
1.7168,15.95,78.0
11.219,107.16,163.0
14.2468,24.98,128.0
6.2753,147.61,150.0
0.0,169.66,101.0
3.9893,300.78,180.0
6.3986,92.45,123.0
9.5532,32.11,119.0
11.0929,6.94,110.0
12.6928,124.49,177.0
1.5081,228.72,135.0
9.3669,275.3,163.0
0.5588,191.11,122.0
0.9079,101.56,102.0
9.676,138.07,171.0
10.8431,6.17,112.0
1.8125,84.8,92.0
0.0,144.05,103.0
1.6074,0.0,80.0
8.1402,155.44,161.0
0.8876,101.96,96.0
4.6865,91.53,116.0
15.2412,160.06,180.0
7.2154,248.59,180.0
3.8621,237.03,153.0
11.0607,121.73,163.0
11.2539,247.5,167.0
4.6839,74.62,112.0
6.5229,254.12,180.0
0.8708,178.79,118.0
10.9541,56.3,137.0
6.4865,236.44,177.0
11.9684,121.28,171.0
9.4943,5.61,108.0
9.3328,32.19,110.0
10.1322,113.82,150.0
14.3547,106.49,179.0
0.9118,259.74,144.0
3.8482,240.31,162.0
7.9342,13.64,100.0
0.0,136.3,96.0
4.7403,199.22,149.0
5.5164,98.55,128.0
13.3899,145.01,180.0
8.0342,285.96,180.0
14.7842,237.19,165.0
14.2512,30.97,137.0
5.5692,99.82,122.0
8.7901,194.68,180.0
14.4543,254.05,176.0
7.7236,198.48,178.0
4.7483,32.29,96.0
5.7223,68.75,113.0
14.0656,60.52,148.0
0.0,47.23,71.0
9.6038,139.04,157.0
2.2168,125.26,105.0
8.5632,85.82,133.0
11.7597,55.75,135.0
11.9509,30.87,119.0
13.4009,1.85,117.0
13.2193,282.95,169.0
11.7123,214.2,167.0
14.3696,84.23,168.0
14.8699,182.95,173.0
3.3712,39.54,95.0
3.1556,0.0,82.0
5.5695,17.22,96.0
2.4647,14.49,77.0
3.0548,167.69,136.0
13.4177,102.47,168.0
2.9874,99.9,111.0
14.3905,213.9,166.0
10.3566,154.22,179.0
13.377,121.17,180.0
2.6039,229.96,151.0
11.9175,263.06,174.0
2.5807,23.92,82.0
4.7282,76.54,120.0
6.1882,132.68,145.0
10.3442,91.45,146.0
9.59,191.4,173.0
13.573,1.79,118.0
7.8214,200.58,180.0
13.3119,174.56,180.0
12.7342,36.6,129.0
13.978,277.19,179.0
5.3232,0.0,87.0
14.1175,183.33,171.0
11.8337,216.41,175.0
5.6901,220.9,164.0
10.3871,207.5,164.0
0.9751,15.78,77.0
1.3538,67.54,88.0
8.4454,84.02,138.0
8.6287,232.71,180.0
0.1219,263.87,128.0
10.8617,0.48,112.0
12.0285,293.68,172.0
10.464,136.81,169.0
8.4594,178.02,178.0
4.5926,0.76,85.0
7.2137,256.28,180.0
8.1385,62.67,126.0
5.289,100.44,121.0
2.4554,115.55,104.0
6.2029,51.4,118.0
3.3623,21.82,83.0
8.9263,269.56,180.0
10.2782,22.37,111.0
11.7543,115.08,168.0
12.4599,276.27,173.0
6.1366,23.92,99.0
4.9291,192.15,157.0
0.0722,236.26,118.0
1.43,13.03,73.0
5.4491,46.62,108.0
1.4288,184.74,123.0
14.4069,213.55,171.0
14.0328,76.34,158.0
5.4278,47.46,101.0
7.1997,215.0,179.0
9.342,214.74,174.0
9.5726,278.03,172.0
10.0405,39.85,122.0
3.7756,71.32,104.0
10.3013,271.13,178.0
8.0668,262.15,180.0
6.5242,101.76,131.0
4.6999,69.49,108.0
0.8899,29.06,78.0
14.3574,230.94,160.0
0.3745,3.24,69.0
0.4322,3.75,66.0
0.4793,7.39,70.0
0.3737,4.12,68.0
0.3509,2.46,63.0
0.2406,1.92,64.0
0.0086,0.66,70.0
0.3939,3.65,74.0
0.061,9.49,61.0
0.4773,5.71,64.0
0.3831,9.76,65.0
0.1216,4.04,64.0
0.0054,9.68,66.0
0.3367,4.41,66.0
0.2191,9.27,64.0
0.0504,2.36,72.0
0.1138,2.47,65.0
0.149,9.92,70.0
0.1318,6.27,65.0
0.0098,4.26,60.0
0.1467,4.9,74.0
0.4895,4.26,68.0
0.3445,6.9,69.0
0.2944,1.09,70.0
0.1888,8.96,63.0
0.4723,0.05,67.0
0.3972,8.22,64.0
0.0915,5.14,66.0
0.1769,3.8,65.0
0.4439,0.39,61.0
0.2511,5.52,68.0
0.1908,2.49,69.0
0.4977,7.67,71.0
0.1066,9.67,64.0
0.012,1.9,64.0
0.3892,0.44,62.0
0.2004,4.19,64.0
0.2222,9.28,64.0
0.4482,0.5,69.0
0.3706,6.7,68.0
0.2408,1.21,66.0
0.2908,0.54,60.0
0.2594,2.93,68.0
0.1471,1.8,67.0
0.0624,5.68,66.0
0.2913,9.31,71.0
0.088,6.52,68.0
0.2097,5.73,66.0
0.0486,8.87,60.0
0.058,3.44,69.0
0.1687,7.73,71.0
0.1117,5.21,62.0
0.1603,4.02,66.0
0.2174,5.42,64.0
0.3441,7.1,65.0
0.3557,0.16,67.0
0.2067,1.62,64.0
0.2635,0.03,69.0
0.0657,5.34,61.0
0.2043,9.53,67.0
0.3099,6.57,70.0
0.1369,5.03,65.0
0.4035,1.38,67.0
0.1854,4.94,73.0
0.4664,6.62,60.0
0.3551,9.56,68.0
0.2982,0.01,63.0
0.1085,3.8,61.0
0.0337,2.59,66.0
0.308,2.64,65.0
0.0399,7.89,63.0
0.248,4.34,66.0
0.2284,6.09,64.0
0.0066,1.33,65.0
0.2253,0.68,65.0
0.2122,2.38,66.0
0.1969,6.91,71.0
0.3134,4.51,66.0
0.4689,7.66,70.0
0.4221,9.64,75.0
0.2846,2.21,65.0
0.4135,8.11,67.0
0.4613,3.17,66.0
0.0888,6.26,69.0
0.0007,7.71,62.0
0.38,2.9,66.0
0.0903,4.42,67.0
0.2518,6.54,65.0
0.3405,8.09,68.0
0.0915,7.91,60.0
0.1791,7.1,64.0
0.0207,2.55,68.0
0.2977,3.08,67.0
0.4734,7.06,66.0
0.1698,2.6,68.0
0.4558,0.41,66.0
0.2376,4.23,63.0
0.3614,3.33,70.0
0.3272,3.47,69.0
0.1062,5.1,62.0
0.0482,7.28,67.0
0.011,3.98,71.0
0.0159,5.4,66.0
0.0619,9.62,68.0
0.1707,1.36,64.0
0.0386,8.44,60.0
0.4758,1.17,63.0
0.2849,7.94,63.0
0.4036,2.08,63.0
0.193,7.31,65.0
0.0522,4.02,65.0
0.3522,8.74,66.0
0.1837,8.82,65.0
0.0774,7.33,61.0
0.1657,1.13,63.0
0.1624,5.27,65.0
0.1019,1.19,71.0
0.2824,5.67,66.0
0.0953,6.64,61.0
0.2372,7.82,66.0
0.3147,1.02,69.0
0.4524,9.43,74.0
0.3418,6.01,71.0
0.1155,0.38,60.0
0.1918,8.51,70.0
0.3407,5.83,65.0
0.33,4.01,68.0
0.4177,1.79,62.0
0.3666,9.88,70.0
0.2383,0.35,68.0
0.2697,6.47,67.0
0.0015,8.38,60.0
0.4293,2.25,73.0
0.3528,3.7,71.0
0.3877,6.35,70.0
0.4021,2.74,71.0
0.323,7.83,68.0
0.0364,7.86,65.0
0.4866,3.17,61.0
0.1112,5.69,67.0
0.4225,9.91,64.0
0.3008,9.03,69.0
0.2313,1.45,68.0
0.2886,0.48,67.0
0.1154,3.39,66.0
0.2453,4.77,68.0
0.0962,1.46,70.0
0.4144,3.01,62.0
0.076,4.21,64.0
0.205,7.86,63.0
1.4692,38.15,79.0
1.7276,25.52,82.0
0.8795,22.65,75.0
1.8824,77.26,95.0
1.5979,46.99,88.0
1.8833,74.29,92.0
0.7765,70.38,82.0
1.0763,25.35,74.0
0.7234,74.45,85.0
1.2272,42.69,82.0
0.5127,42.63,76.0
0.7783,66.37,83.0
0.5612,25.12,74.0
0.5184,29.51,64.0
0.882,77.38,99.0
1.2632,43.18,76.0
0.9804,22.97,79.0
0.7257,23.5,74.0
1.9982,61.5,91.0
0.5104,51.04,78.0
1.1161,57.9,80.0
1.1468,66.55,93.0
1.3975,41.6,86.0
1.3003,70.87,89.0
1.4898,52.68,95.0
1.142,67.31,89.0
1.8681,30.83,85.0
1.5286,69.85,94.0
1.1257,48.7,84.0
0.7974,21.03,73.0
1.6503,71.5,98.0
0.8433,61.86,83.0
0.5962,25.0,72.0
1.1628,52.7,83.0
0.5434,28.07,75.0
0.8399,72.69,87.0
1.4337,56.62,85.0
0.5148,27.03,73.0
0.646,46.4,88.0
1.7251,41.52,89.0
0.5997,47.61,85.0
0.7585,59.77,83.0
0.8638,68.02,86.0
1.4081,45.87,80.0
0.5942,49.26,76.0
0.7442,42.19,80.0
1.0831,23.34,76.0
0.7022,63.78,87.0
1.454,79.66,94.0
1.9299,71.88,93.0
1.4834,21.12,82.0
1.3302,46.14,82.0
1.4323,60.89,83.0
0.8742,22.52,72.0
1.2812,71.36,86.0
0.8931,68.68,87.0
1.0484,42.61,80.0
1.9016,57.01,87.0
0.5273,77.56,83.0
0.6118,27.42,75.0
1.5787,78.1,94.0
1.9975,76.44,101.0
0.6349,60.65,84.0
1.7031,26.84,82.0
1.4138,56.59,84.0
1.7429,32.41,82.0
1.0788,55.51,83.0
1.1532,31.38,82.0
1.753,26.0,83.0
1.3127,32.84,86.0
0.6382,20.21,69.0
1.0962,38.96,84.0
1.9101,44.28,80.0
1.6259,77.92,88.0
1.6027,25.05,83.0
1.0322,20.61,72.0
0.5538,26.38,78.0
1.4556,46.09,84.0
1.763,34.31,80.0
1.2295,31.74,78.0
1.9823,35.09,89.0
1.1963,24.32,80.0
1.9394,55.88,83.0
1.3901,34.05,89.0
0.9272,71.01,97.0
1.7466,40.44,81.0
1.1654,43.26,81.0
1.3173,21.48,85.0
1.1353,44.41,82.0
1.5155,26.35,82.0
1.0756,44.61,78.0
1.5744,68.54,95.0
0.8919,58.74,85.0
0.7675,74.44,88.0
1.7944,60.18,88.0
0.7639,37.4,84.0
1.0128,41.95,82.0
1.2106,32.85,78.0
1.0241,44.29,77.0
0.9672,21.55,71.0
1.4906,69.91,93.0
1.2989,65.39,84.0
1.2486,72.11,88.0
1.0844,72.28,84.0
1.5113,21.19,71.0
1.9201,65.44,93.0
1.4649,34.2,81.0
1.8293,66.96,97.0
1.0143,50.87,78.0
0.7907,35.74,78.0
1.1806,71.11,84.0
0.6571,65.96,79.0
1.4968,72.6,94.0
1.4256,42.3,78.0
0.6903,41.69,82.0
0.7378,64.49,85.0
1.5689,31.93,83.0
1.97,79.14,99.0
1.5952,30.95,83.0
1.2927,22.26,75.0
1.931,65.98,91.0
0.9598,27.36,80.0
1.3105,38.66,77.0
1.2989,21.6,76.0
0.7908,28.78,78.0
1.436,50.92,84.0
1.1687,66.15,86.0
1.5471,45.11,84.0
0.9029,33.91,82.0
0.9347,42.65,79.0
1.8877,47.8,84.0
0.9872,66.89,88.0
1.1747,66.43,84.0
1.3469,26.1,79.0
1.1748,39.04,79.0
1.631,64.13,88.0
1.9088,71.9,100.0
0.8418,66.66,83.0
0.5987,75.39,86.0
0.6822,47.88,79.0
0.5357,74.32,80.0
1.1408,30.1,73.0
1.9374,45.8,83.0
0.7054,47.01,79.0
1.096,67.54,97.0
0.6757,74.35,85.0
1.3295,69.15,87.0
1.6589,70.34,94.0
1.0004,24.05,74.0
0.9554,66.33,82.0
3.3735,113.51,114.0
3.8478,131.09,124.0
2.8974,103.27,107.0
2.4745,126.72,114.0
3.5195,109.58,123.0
2.9457,125.7,113.0
2.2522,138.9,122.0
3.2844,90.58,115.0
3.6775,84.21,111.0
2.458,130.01,113.0
3.969,137.85,128.0
3.404,109.89,119.0
3.5638,128.84,114.0
3.5443,99.05,117.0
2.0317,89.36,95.0
3.8474,87.26,117.0
2.6843,101.48,103.0
2.1612,129.95,109.0
3.597,100.54,118.0
3.0077,126.46,124.0
3.7659,103.38,110.0
3.0725,84.51,112.0
2.1528,117.14,111.0
2.7494,102.29,104.0
3.7132,124.55,116.0
3.7415,125.16,125.0
3.6658,139.96,128.0
3.4504,136.13,134.0
2.8024,107.66,108.0
3.5126,138.69,130.0
3.1088,126.32,123.0
3.809,139.07,125.0
3.0479,135.77,120.0
3.686,102.36,122.0
2.5569,82.65,96.0
3.5346,114.32,117.0
3.8583,117.22,119.0
3.6694,95.36,116.0
3.1301,83.3,99.0
3.0288,122.26,111.0
2.8326,139.67,116.0
2.0097,84.82,97.0
2.3426,85.4,100.0
3.1113,129.12,118.0
3.1989,111.64,115.0
3.6042,134.44,121.0
2.3239,103.11,101.0
3.125,126.41,118.0
3.6444,136.69,126.0
3.1389,121.08,114.0
2.3449,113.7,106.0
3.4013,131.41,116.0
3.2565,91.18,110.0
3.5221,80.14,106.0
2.7001,104.97,106.0
2.3112,136.95,115.0
2.5258,125.14,116.0
2.4609,105.02,107.0
2.3898,93.02,106.0
3.8254,109.17,123.0
2.6928,122.88,111.0
2.3016,87.06,105.0
3.2247,100.96,114.0
2.9965,128.16,117.0
2.6339,136.09,120.0
3.4419,95.07,113.0
3.0791,111.68,116.0
2.5774,126.61,116.0
3.1546,102.1,110.0
2.7371,121.96,117.0
3.3876,101.98,113.0
3.3315,136.17,125.0
2.0441,113.46,106.0
3.5489,119.34,118.0
3.6296,122.72,125.0
9.8477,192.13,176.0
6.2966,159.84,151.0
8.6924,196.0,180.0
6.6214,163.93,159.0
5.2845,192.14,158.0
7.0482,149.78,153.0
9.8324,163.26,173.0
8.3592,189.22,178.0
4.6815,189.65,148.0
6.2556,181.7,153.0
5.6584,144.61,143.0
5.7952,187.22,160.0
5.4839,192.35,157.0
9.2904,196.24,168.0
5.2187,181.72,156.0
6.4984,165.44,162.0
6.7285,162.2,150.0
8.0992,195.86,177.0
6.2272,191.27,161.0
9.1869,172.82,180.0
5.8496,146.95,140.0
5.4387,175.85,150.0
4.5925,156.89,138.0
7.2153,180.04,161.0
6.2429,197.92,166.0
9.6268,179.75,180.0
4.0397,161.05,132.0
9.7775,145.91,179.0
7.7279,140.82,146.0
7.6556,184.63,173.0
4.3819,189.68,164.0
8.6562,170.62,176.0
7.0932,179.18,165.0
6.9511,157.75,159.0
8.8704,167.65,174.0
6.5749,198.77,165.0
4.8613,189.25,156.0
8.6049,187.19,179.0
4.0998,192.09,149.0
9.1299,199.69,176.0
5.0602,144.63,137.0
5.8356,151.66,141.0
9.9105,163.68,180.0
5.6661,171.32,161.0
6.3835,150.0,143.0
4.3944,198.24,146.0
8.7376,169.02,169.0
7.1394,157.89,159.0
9.4406,186.66,176.0
8.9506,165.14,178.0
5.7697,195.71,162.0
4.9837,195.47,163.0
6.9143,174.26,159.0
8.0981,175.95,172.0
4.1799,168.22,140.0
5.6005,148.44,141.0
5.1392,162.64,149.0
6.6896,194.35,169.0
6.9765,163.32,159.0
8.1762,188.12,180.0
9.4772,192.21,180.0
7.896,179.89,167.0
5.2281,146.66,140.0
7.9288,192.7,174.0
7.7549,164.76,167.0
7.3211,158.18,156.0
4.9922,157.56,137.0
7.0185,151.75,158.0
9.3955,148.44,170.0
7.0405,174.49,168.0
5.1708,189.44,159.0
4.7524,156.36,140.0
9.9903,152.09,174.0
5.6012,173.4,155.0
5.3069,196.06,154.0
6.8916,283.02,178.0
15.0023,169.52,180.0
8.4361,117.68,152.0
10.928,112.94,167.0
12.6458,284.01,160.0
10.9888,84.11,144.0
10.9634,0.0,107.0
9.377,230.95,166.0
11.6909,175.86,180.0
14.4553,190.37,164.0
5.705,93.66,119.0
7.0408,245.44,176.0
8.8348,197.66,180.0
14.0372,67.5,145.0
4.0759,6.72,85.0
14.8826,90.82,165.0
5.7642,221.72,167.0
2.1377,231.75,146.0
6.9208,159.74,155.0
3.1738,92.07,112.0
0.0,38.13,75.0
6.5482,55.0,117.0
3.8254,61.08,105.0
11.8408,205.76,163.0
11.9705,154.23,180.0
6.5482,100.7,135.0
13.6453,159.77,180.0
5.2926,82.28,119.0
15.0744,109.92,175.0
2.2997,205.79,139.0
14.8587,16.69,133.0
1.5057,291.82,156.0
4.7899,177.33,137.0
8.1364,255.99,176.0
6.1551,290.38,177.0
8.7225,228.41,180.0
9.484,101.13,143.0
1.9374,45.8,84.0
10.8521,298.87,163.0
3.1365,148.43,124.0
10.9001,33.16,123.0
2.5067,128.41,122.0
0.0,140.55,89.0
8.6875,216.45,176.0
3.7538,15.43,89.0
0.0,170.46,97.0
11.2676,168.67,176.0
1.2486,72.11,84.0
10.9851,199.49,175.0
4.0705,17.67,85.0
6.1183,94.73,122.0
10.8702,193.1,167.0
3.945,154.14,131.0
10.2717,169.88,180.0
12.8464,155.24,179.0
14.2472,67.78,147.0
0.9298,182.14,126.0
4.0998,192.09,151.0
4.7403,199.22,145.0
15.0973,277.77,169.0
4.6976,144.18,142.0
2.6012,233.08,148.0
1.4717,154.98,120.0
14.9727,152.98,180.0
0.5905,106.67,93.0
9.6337,90.94,149.0
3.4066,0.0,82.0
14.3056,59.09,142.0
4.031,228.6,160.0
0.0,154.38,102.0
7.13,23.48,104.0
9.4994,114.24,161.0
6.4277,120.6,142.0
9.4975,276.02,167.0
6.8913,286.53,180.0
11.1821,221.99,171.0
2.5779,108.24,107.0
13.5758,71.53,150.0
3.8275,221.33,153.0
6.4562,163.23,152.0
8.5815,131.93,146.0
0.8899,29.06,79.0
7.9358,192.02,171.0
4.6473,24.71,91.0
14.7773,45.14,138.0
12.4588,39.67,137.0
2.1283,106.14,104.0
6.4277,131.14,145.0
6.2753,147.61,155.0
3.1088,126.32,127.0
1.4214,8.9,77.0
3.1204,231.64,155.0
5.547,276.87,177.0
8.9003,106.82,153.0
0.0364,7.86,62.0
0.1707,1.36,66.0
0.901,199.54,121.0
0.0,83.56,79.0
3.821,159.97,134.0
9.3028,215.73,160.0
7.6536,91.74,137.0
9.4283,194.8,172.0
8.7901,194.68,178.0
2.2306,131.55,120.0
7.2736,168.85,161.0
3.051,0.0,80.0
0.9579,33.13,78.0
10.9529,201.31,168.0
4.8112,38.54,102.0
5.6008,284.72,180.0
9.2891,37.69,113.0
4.8613,189.25,153.0
10.1646,205.96,166.0
6.3953,59.21,104.0
5.4561,260.31,177.0
11.2566,293.45,176.0
7.9648,229.73,178.0
15.1657,56.29,159.0
8.1269,130.7,149.0
2.4283,231.95,141.0
10.5093,275.97,160.0
6.343,139.48,156.0
1.3539,45.28,82.0
6.5482,55.0,114.0
2.5897,223.3,149.0
1.775,268.14,150.0
2.2423,109.59,112.0
9.3253,254.81,173.0
2.5163,1.86,77.0
9.3874,229.78,177.0
4.5836,215.14,154.0
1.6589,70.34,92.0
14.7842,237.19,160.0
13.9901,147.8,179.0
6.4333,17.15,97.0
1.9299,71.88,92.0
9.7155,94.25,147.0
13.3303,113.82,180.0
8.7901,194.68,180.0
0.0903,4.42,71.0
1.4256,254.52,135.0
11.1127,54.51,131.0
8.6036,2.35,101.0
4.0598,236.86,167.0
8.6194,244.71,177.0
1.3003,70.87,85.0
2.9849,237.2,153.0
2.7494,102.29,105.0
14.0279,155.41,180.0
10.2428,245.26,172.0
9.3328,32.19,106.0
8.8348,197.66,177.0
13.621,93.71,172.0
0.709,167.84,117.0
0.1469,68.82,78.0
10.9634,0.0,112.0
4.0411,139.92,139.0
4.1442,161.33,131.0
14.1638,246.21,172.0
4.6999,69.49,112.0
3.7,123.35,120.0
10.0958,120.82,161.0
6.4464,140.3,146.0
8.4883,175.14,169.0
7.0735,154.77,165.0
9.2436,206.55,160.0
9.6576,263.47,166.0
12.7606,194.43,180.0
6.2046,21.73,98.0
3.3735,113.51,115.0
11.7308,192.21,166.0
14.7833,15.95,126.0
2.7001,104.97,107.0
13.5547,169.45,179.0
4.6524,89.87,114.0
4.1944,255.94,164.0
6.2088,277.38,180.0
7.1169,185.9,165.0
2.8974,103.27,104.0
8.1099,139.42,155.0
14.3757,15.58,125.0
14.0136,6.43,127.0
6.9784,91.65,130.0
1.4968,72.6,95.0
0.6502,29.71,68.0
4.8395,47.17,118.0
4.074,294.57,180.0
12.5671,68.08,145.0
0.8748,209.17,126.0
0.849,163.71,105.0
0.8849,31.86,80.0
15.2064,14.17,124.0
0.4558,0.41,66.0
10.0897,1.09,99.0
0.1091,186.76,111.0
0.1369,5.03,61.0
1.7168,274.78,156.0
0.2982,0.01,67.0
1.6852,62.77,87.0
3.077,30.01,90.0
7.045,206.03,177.0
6.4031,178.6,153.0
12.6037,263.3,170.0
13.4856,17.73,121.0
9.2325,13.89,114.0
6.359,24.94,102.0
9.3703,294.13,174.0
6.2214,301.42,180.0
10.9402,14.25,105.0
11.0865,246.84,168.0
4.9709,292.73,175.0
12.0499,0.0,112.0
1.6876,129.5,103.0
0.3367,4.41,61.0
5.3373,177.72,149.0
1.451,294.07,155.0
7.7988,178.86,169.0
2.148,247.3,153.0
11.1428,178.72,177.0
3.7756,71.32,102.0
5.5917,276.45,177.0
9.6038,139.04,161.0
0.0,213.81,106.0
12.4287,201.86,165.0
1.7205,83.36,95.0
13.2353,21.97,131.0
10.2847,267.46,165.0
1.7801,140.59,120.0
7.2887,285.57,178.0
6.1796,259.51,180.0
3.9655,162.34,142.0
5.3878,47.29,108.0
0.1791,7.1,65.0
1.7318,122.38,114.0
0.0888,6.26,64.0
2.9849,237.2,145.0
6.5131,9.61,97.0
3.9698,161.49,144.0
4.4891,131.65,124.0
2.2943,267.42,160.0
11.0963,230.28,172.0
5.3878,47.29,104.0
0.1219,263.87,131.0
10.3064,184.61,175.0
7.1686,192.14,173.0
8.8403,14.44,105.0
15.1841,160.37,176.0
12.7689,205.94,170.0
8.6194,244.71,180.0
0.1888,8.96,63.0
9.3402,115.78,154.0
11.213,123.16,174.0
12.6141,177.1,177.0
0.5404,143.81,101.0
12.0006,76.57,151.0
4.8602,29.89,101.0
11.2518,299.63,178.0
11.2539,247.5,167.0
10.8067,198.75,170.0
7.3186,267.25,180.0
5.4878,22.85,99.0
15.2052,159.54,180.0
0.0624,5.68,66.0
3.1946,63.89,99.0
3.7415,125.16,125.0
1.7168,274.78,151.0
1.9201,65.44,95.0
6.2673,144.89,152.0
10.5022,115.36,154.0
6.1913,285.66,180.0
1.0131,21.31,74.0
15.0269,21.28,132.0
4.092,16.64,93.0
3.8433,138.13,127.0
8.8491,133.06,161.0
3.0865,284.05,173.0
3.355,159.97,134.0
10.9797,0.0,110.0
14.1377,115.02,177.0
7.0932,179.18,170.0
6.8944,213.93,180.0
10.2915,2.29,99.0
11.8221,298.54,166.0
0.33,4.01,66.0
7.246,29.44,98.0
0.0,220.63,114.0
3.8836,43.8,93.0
0.7974,21.03,72.0
10.4694,248.19,180.0
13.3303,113.82,180.0
12.5714,9.32,126.0
14.9271,183.83,166.0
1.7582,184.18,125.0
12.8399,216.07,156.0
1.7682,139.23,116.0
0.1362,146.31,104.0
0.0,209.8,106.0
3.7834,285.09,178.0
3.7606,183.75,147.0
0.6001,283.88,140.0
3.983,94.53,117.0
11.9264,113.78,166.0
3.2004,137.37,122.0
3.2447,59.67,102.0
0.7458,269.71,126.0
5.6059,231.39,178.0
1.3454,290.07,156.0
13.318,246.47,164.0
11.6503,7.2,116.0
13.2223,137.02,178.0
11.2563,55.22,133.0
3.8269,106.56,119.0
10.4132,102.24,155.0
0.4895,4.26,70.0
0.6854,69.05,81.0
11.039,44.98,127.0
12.5201,1.56,117.0
4.0705,17.67,90.0
12.5481,129.23,179.0
13.2178,190.86,170.0
4.0759,6.72,86.0
0.2253,0.68,61.0
2.2833,90.49,105.0
13.6559,108.07,177.0
3.9633,298.72,174.0
5.6582,229.58,176.0
11.2486,161.38,180.0
4.0426,202.49,150.0
9.5381,199.02,161.0
15.005,279.07,172.0
5.702,45.15,103.0
6.244,197.93,167.0
0.0,294.01,134.0
1.7161,216.35,141.0
4.509,7.8,94.0
0.8304,45.72,81.0
6.4199,183.07,158.0
6.3923,233.15,176.0
12.6826,52.15,144.0
6.3737,290.45,180.0
6.8638,216.33,175.0
2.4562,299.95,175.0
8.7606,223.74,177.0
14.1552,5.25,121.0
0.0624,5.68,65.0
2.3301,6.49,85.0
7.6613,298.13,179.0
13.3827,54.19,144.0
11.206,37.3,122.0
14.9954,206.91,174.0
14.9831,84.85,163.0
1.7582,184.18,126.0
8.7574,8.8,109.0
2.3869,285.64,155.0
10.3442,91.45,143.0
6.878,113.44,135.0
7.7639,90.22,130.0
14.0187,21.32,129.0
6.1202,14.29,102.0
9.3955,148.44,175.0
0.3745,3.24,69.0
14.4435,286.17,176.0
1.404,132.14,114.0
0.8768,92.99,92.0
15.2456,161.42,178.0
9.6843,175.81,178.0
2.1481,14.97,81.0
0.6369,277.79,138.0
12.0444,136.78,170.0
13.5923,102.37,161.0
10.2717,169.88,175.0
5.2926,82.28,117.0
4.4913,171.21,142.0
7.3551,91.48,135.0
12.7418,290.11,171.0
12.8698,294.78,168.0
7.9485,285.56,180.0
4.1547,193.49,140.0
7.2155,93.43,135.0
5.4225,160.56,142.0
11.5942,154.81,180.0
4.6976,144.18,141.0
14.9727,152.98,180.0
11.7159,122.81,163.0
7.0144,29.81,111.0
3.0963,221.26,151.0
8.1762,188.12,180.0
1.0094,168.06,111.0
0.4689,7.66,72.0
6.2556,181.7,153.0
4.5925,22.41,91.0
6.1714,145.46,142.0
10.1322,113.82,154.0
12.6466,199.22,174.0
15.0698,0.0,129.0
11.0929,6.94,114.0
4.1478,176.34,144.0
1.4157,207.43,129.0
6.2169,224.25,180.0
0.7378,64.49,82.0
4.0685,183.18,145.0
6.2365,0.28,98.0
0.6826,33.24,72.0
7.6613,298.13,176.0
8.6309,100.98,143.0
8.0093,132.63,153.0
13.3488,144.62,180.0
11.0865,246.84,169.0
5.5363,248.24,178.0
1.3556,293.0,149.0
13.4177,102.47,170.0
15.0269,21.28,133.0
8.093,92.4,135.0
14.313,253.27,166.0
2.4115,8.14,73.0
7.8421,8.84,97.0
15.0623,290.48,167.0
12.8399,216.07,160.0
0.9079,101.56,98.0
1.8246,55.01,90.0
10.8546,245.57,164.0
12.6405,278.02,167.0
13.5648,284.9,162.0
13.6305,1.79,126.0
10.975,283.45,167.0
11.6855,2.24,111.0
0.4734,7.06,71.0
12.5974,177.21,180.0
10.8774,29.6,113.0
0.6111,153.75,114.0
1.4906,69.91,88.0
0.0,144.05,102.0
5.6013,131.11,140.0
11.6955,55.55,137.0
6.455,255.13,178.0
7.2763,232.8,176.0
7.9342,13.64,103.0
6.239,298.45,179.0
0.0624,5.68,63.0
8.7859,230.72,180.0
12.8087,207.29,169.0
12.6258,124.02,172.0
8.8276,215.96,180.0
10.9283,28.68,119.0
8.0337,243.93,177.0
6.8562,123.46,143.0
8.5644,54.1,128.0
5.6927,0.0,93.0
7.0683,23.31,105.0
2.4074,221.01,142.0
0.3892,0.44,64.0
11.929,177.49,180.0
4.7962,197.99,155.0
9.8477,192.13,180.0
6.2928,209.31,173.0
10.17,14.39,111.0
4.6815,189.65,145.0
0.4135,8.11,68.0
10.4068,120.65,164.0
0.221,77.55,84.0
8.5331,222.54,180.0
0.8304,45.72,85.0
1.5763,216.88,134.0
7.2995,12.93,95.0
11.6982,2.34,121.0
3.0791,111.68,120.0
1.0241,44.29,77.0
11.7993,79.0,149.0
7.1026,52.36,118.0
1.7463,256.15,144.0
2.5215,287.03,168.0
13.5437,108.98,173.0
14.4297,61.86,153.0
3.7132,124.55,113.0
12.5551,99.6,162.0
9.2985,17.6,114.0
5.7587,124.18,137.0
1.6723,284.4,162.0
2.3516,17.77,70.0
15.199,182.17,179.0
12.6223,176.88,179.0
9.2274,185.4,162.0
11.6351,44.3,131.0
11.183,267.6,176.0
12.7933,216.83,175.0
0.1769,3.8,68.0
7.2693,300.96,180.0
13.2584,101.84,167.0
1.4513,163.23,121.0
3.737,71.36,101.0
6.2231,48.0,116.0
10.1607,201.95,159.0
13.4776,207.85,171.0
8.0966,75.35,126.0
0.4036,2.08,66.0
0.7639,37.4,87.0
4.9619,108.01,131.0
1.5787,78.1,95.0
0.0,259.73,132.0
1.3349,99.85,95.0
13.621,93.71,169.0
9.5808,22.47,109.0
3.1445,202.4,140.0
4.732,237.69,170.0
0.6064,129.69,95.0
3.1738,92.07,109.0
7.0298,94.27,134.0
4.4915,274.55,180.0
9.246,70.73,126.0
12.0148,269.46,163.0
5.7636,29.94,99.0
1.4214,8.9,78.0
2.2351,82.65,98.0
0.0207,2.55,64.0
11.1689,153.46,180.0
14.932,5.92,112.0
4.7076,244.13,170.0
14.9977,282.77,167.0
6.8556,186.41,168.0
9.4745,79.33,133.0
13.2127,274.81,180.0
15.0697,248.26,165.0
10.2843,139.47,172.0
5.8356,151.66,143.0
10.1543,294.23,172.0
0.3445,6.9,73.0
4.1335,51.95,100.0
8.4943,206.09,177.0
6.9661,62.51,124.0
10.2256,54.4,135.0
3.8312,190.65,137.0
12.7275,20.71,118.0
5.7636,29.94,97.0
8.0668,262.15,177.0
13.2737,190.19,169.0
12.4288,44.61,138.0
2.9328,237.52,152.0
4.6731,199.35,153.0
10.5093,275.97,163.0
14.1251,267.12,165.0
10.049,6.01,109.0
9.5381,46.23,120.0
15.2241,270.96,170.0
13.981,246.46,165.0
0.8304,45.72,76.0
7.1369,268.69,180.0
7.2595,240.48,179.0
0.2442,137.18,103.0
3.106,222.68,148.0
7.3371,146.85,155.0
14.8587,16.69,132.0
10.2712,144.07,174.0
0.0,33.1,77.0
8.034,139.01,149.0
6.9402,279.18,180.0
0.9872,66.89,83.0
0.1471,1.8,71.0
9.2575,130.85,157.0
9.6745,15.74,109.0
1.0322,20.61,76.0
0.058,3.44,72.0
3.4013,131.41,116.0
7.8579,182.38,173.0
11.6955,55.55,141.0
10.5071,37.72,128.0
0.0,291.48,132.0
4.1426,83.07,104.0
6.4185,182.9,166.0
12.4141,187.03,161.0
0.9579,33.13,78.0
9.339,56.15,127.0
1.5763,216.88,134.0
3.4066,0.0,82.0
1.3595,236.08,133.0
4.1644,190.47,140.0
9.3074,86.54,135.0
6.4049,148.22,150.0
3.3373,138.56,134.0
0.1624,5.27,62.0
2.7001,104.97,108.0
0.2453,4.77,72.0
8.0971,59.2,122.0
7.0932,179.18,167.0
3.7449,282.54,171.0
1.0052,261.19,152.0
3.821,159.97,138.0
2.9754,176.18,132.0
5.4285,86.91,110.0
8.613,159.94,167.0
3.2257,230.6,163.0
8.6955,162.62,166.0
1.8203,122.3,103.0
7.7183,175.5,171.0
12.6426,283.57,173.0
0.7054,47.01,79.0
4.7112,263.09,180.0
5.3373,177.72,148.0
6.908,167.57,161.0
12.6261,291.09,178.0
9.4105,6.98,114.0
11.6431,21.64,119.0
13.9998,178.34,179.0
15.1664,98.92,180.0
10.3837,284.94,170.0
10.3263,168.13,180.0
0.5357,74.32,77.0
14.4069,213.55,174.0
14.2857,79.07,158.0
14.3424,175.33,180.0
14.8882,85.11,166.0
4.534,123.96,129.0
8.8066,206.14,180.0
7.2217,138.37,149.0
8.7783,100.04,146.0
8.4995,55.32,119.0
10.2475,86.59,140.0
11.7543,115.08,163.0
13.3334,83.94,158.0
3.2565,79.02,110.0
3.7895,159.99,139.0
0.646,46.4,90.0
4.7165,190.14,155.0
3.0273,93.07,102.0
4.7899,177.33,141.0
13.4639,237.46,171.0
15.1294,162.46,177.0
8.6897,66.96,133.0
3.2997,61.38,96.0
2.5258,125.14,116.0
11.0288,53.84,129.0
1.4682,215.55,134.0
12.0193,91.47,159.0
9.4159,205.48,163.0
5.6215,117.49,137.0
0.962,94.61,106.0
7.2025,86.09,124.0
11.9017,276.36,162.0
8.1423,59.26,128.0
0.0,160.31,104.0
7.812,284.2,180.0
0.0,51.46,84.0
4.528,53.9,107.0
10.2692,82.18,139.0
1.5689,31.93,82.0
0.0522,4.02,61.0
0.0,137.92,96.0
14.2928,278.3,165.0
0.7035,182.93,118.0
8.5976,121.34,154.0
12.8305,183.09,173.0
2.9604,40.92,82.0
7.0987,274.5,180.0
2.6183,169.99,130.0
9.3028,215.73,164.0
0.3405,8.09,69.0
1.0131,21.31,81.0
8.9189,137.41,152.0
7.9506,251.94,180.0
1.775,268.14,152.0
15.0701,206.85,179.0
1.3469,26.1,80.0
8.06,22.05,102.0
10.1241,14.59,112.0
6.9,85.19,123.0
10.9052,114.18,169.0
9.4589,299.08,171.0
10.4646,54.05,132.0
13.2353,21.97,135.0
0.3831,9.76,62.0
7.1172,107.43,128.0
14.3424,175.33,180.0
10.4927,175.14,180.0
3.3929,301.61,178.0
1.5884,240.47,147.0
10.3175,290.67,175.0
9.4979,114.47,148.0
8.4893,252.91,180.0
0.2849,7.94,68.0
1.5001,191.67,129.0
12.0024,61.94,152.0
11.0366,43.81,121.0
0.8768,92.99,97.0
14.3696,84.23,167.0
1.096,67.54,98.0
0.7675,74.44,85.0
1.3645,1.99,76.0
10.8214,202.47,173.0
1.5831,200.45,125.0
2.2252,38.11,94.0
4.7829,123.32,137.0
7.2841,28.27,109.0
9.6038,245.92,172.0
3.8433,138.13,129.0
0.6799,29.64,74.0
3.7914,68.5,100.0
1.5952,30.95,81.0
9.4916,8.0,105.0
6.3923,233.15,180.0
3.8482,240.31,166.0
14.3499,144.71,177.0
9.4346,262.95,177.0
7.2952,13.46,90.0
6.5463,190.09,161.0
11.9494,137.07,174.0
2.1948,248.6,148.0
3.7509,236.55,157.0
9.6745,15.74,115.0
0.2122,2.38,68.0
1.8132,259.49,153.0
5.2281,146.66,142.0
12.8467,198.1,168.0
11.6955,55.55,137.0
1.3926,67.94,84.0
2.5702,198.93,131.0
9.4979,114.47,146.0
6.2852,184.3,164.0
2.3516,17.77,74.0
0.5886,292.73,143.0
6.1796,259.51,180.0
0.795,270.15,135.0
12.5669,67.4,140.0
7.2674,71.59,123.0
8.4856,192.67,178.0
5.2187,181.72,160.0
1.6157,252.52,140.0
3.6694,95.36,120.0
1.4843,145.23,118.0
7.1832,300.01,180.0
14.0372,67.5,147.0
1.1161,57.9,79.0
4.0299,216.84,153.0
0.0,230.09,117.0
3.2435,1.88,77.0
0.088,6.52,65.0
10.8657,122.56,152.0
6.8694,6.85,89.0
0.3509,2.46,60.0
14.3511,291.32,169.0
0.0,245.61,124.0
9.6464,277.35,162.0
15.1257,182.47,160.0
11.9504,271.63,168.0
3.8694,239.79,169.0
5.4632,147.66,139.0
3.6658,139.96,132.0
9.1299,199.69,171.0
11.5964,97.7,158.0
7.8421,8.84,93.0
1.4898,52.68,91.0
1.5829,121.74,106.0
13.6193,222.66,170.0
12.4934,190.04,166.0
0.0991,178.18,106.0
2.2052,59.07,94.0
13.2193,282.95,171.0
7.2307,108.48,137.0
14.8101,132.08,178.0
1.2812,71.36,83.0
1.3951,238.26,140.0
5.2965,267.68,176.0
11.8697,301.3,164.0
6.5617,221.02,174.0
2.2423,109.59,113.0
11.856,230.75,161.0
0.1841,200.03,111.0
7.9108,140.74,158.0
10.238,122.87,163.0
10.2131,138.32,168.0
3.0687,154.2,125.0
2.5807,23.92,83.0
2.4637,46.23,91.0
9.377,230.95,175.0
4.6908,43.75,101.0
1.436,50.92,82.0
10.8836,86.88,150.0
6.3125,236.54,180.0
3.8191,32.88,101.0
0.0,145.89,94.0
4.8842,152.69,146.0
12.6773,47.64,127.0
10.8067,198.75,175.0
3.7606,183.75,146.0
15.1393,263.99,168.0
3.8596,66.93,97.0
12.763,251.46,164.0
0.8327,98.69,92.0
10.2346,98.98,154.0
4.7084,85.44,113.0
1.4906,69.91,94.0
0.5538,26.38,75.0
3.8321,40.69,102.0
11.1039,185.2,166.0
3.9653,268.0,166.0
6.4277,120.6,146.0
11.1136,32.48,127.0
5.7203,70.62,116.0
8.0275,192.39,176.0
3.9742,70.6,97.0
8.9263,269.56,180.0
3.0194,299.21,178.0
12.7044,70.46,143.0
6.8556,186.41,164.0
13.3807,63.56,145.0
0.248,4.34,68.0
9.4589,299.08,167.0
11.6955,55.55,145.0
8.0342,285.96,177.0
5.5164,98.55,123.0
11.7993,79.0,144.0
11.7807,8.56,120.0
2.2998,9.78,90.0
7.1745,84.62,127.0
4.0504,209.42,142.0
9.7129,237.26,167.0
4.6553,299.38,179.0
6.9456,151.83,155.0
14.8724,94.34,166.0
1.754,124.39,114.0
10.426,47.54,134.0
5.375,256.34,180.0
13.2632,43.86,130.0
4.3819,189.68,164.0
11.2014,23.92,121.0
9.5191,221.16,172.0
3.9356,33.15,85.0
8.8861,248.06,180.0
10.9851,199.49,180.0
6.8916,283.02,176.0
10.2492,153.82,172.0
8.5223,8.67,105.0
13.3311,162.99,180.0
14.371,121.87,180.0
0.0,230.9,121.0
9.246,70.73,130.0
14.4505,124.5,177.0
7.2207,91.74,130.0
14.7953,48.49,149.0
13.3524,29.9,128.0
0.7594,154.14,106.0
1.7846,289.95,154.0
6.2029,51.4,116.0
3.8226,161.51,132.0
12.0838,74.47,151.0
2.5921,37.11,84.0
9.307,67.93,131.0
1.6863,0.0,74.0
0.4135,8.11,64.0
0.33,4.01,73.0
4.7743,269.34,176.0
9.4298,175.65,170.0
5.688,154.66,154.0
11.2518,299.63,174.0
3.2467,270.26,166.0
2.5569,82.65,93.0
0.7639,37.4,87.0
11.0609,116.32,169.0
5.3127,32.63,107.0
14.3857,162.14,179.0
0.2007,231.52,116.0
14.4553,190.37,167.0
8.5704,212.95,179.0
15.0273,201.69,172.0
3.2974,285.36,175.0
4.8529,67.55,111.0
11.9509,30.87,121.0
3.9633,191.91,146.0
0.3441,7.1,66.0
14.9176,177.79,180.0
1.6503,133.08,113.0
3.8596,66.93,97.0
11.8415,252.16,161.0
11.938,146.83,180.0
9.4745,79.33,138.0
0.5719,162.79,107.0
4.8925,229.69,169.0
14.7692,177.84,180.0
11.9175,263.06,171.0
1.5763,216.88,133.0
4.0759,6.72,89.0
3.9893,300.78,178.0
0.7022,63.78,86.0
6.455,255.13,179.0
4.1799,168.22,141.0
7.7415,140.02,157.0
3.1204,231.64,148.0
1.2812,71.36,88.0
13.2818,100.09,169.0
4.5562,246.61,168.0
2.5921,37.11,93.0
0.037,8.78,65.0
7.0298,94.27,133.0
1.3539,45.28,86.0
9.4128,194.76,168.0
0.4035,1.38,64.0
6.866,228.3,177.0
8.8893,159.87,177.0
14.2187,155.14,180.0
4.0449,202.15,150.0
0.6757,74.35,82.0
5.4368,98.8,119.0
8.6868,174.71,172.0
1.763,34.31,78.0
14.0798,146.71,180.0
10.3566,154.22,179.0
9.6934,108.35,146.0
2.5223,63.07,96.0
12.4412,144.27,175.0
7.1016,20.79,99.0
12.5408,137.48,175.0
0.1021,85.57,79.0
7.1686,192.14,180.0
7.1369,268.69,180.0
14.302,153.33,180.0
14.0136,6.43,125.0
0.0,231.65,117.0
6.2088,277.38,180.0
10.9595,102.18,150.0
5.4073,208.16,164.0
1.5884,240.47,147.0
11.95,0.0,115.0
1.8203,122.3,101.0
3.8578,286.97,180.0
4.159,202.19,151.0
7.1087,182.95,166.0
12.8716,139.69,178.0
2.5067,128.41,118.0
4.5789,191.79,157.0
10.9079,0.0,112.0
9.5156,275.2,161.0
0.9592,84.7,87.0
8.709,178.41,176.0
5.656,284.11,180.0
14.2512,30.97,141.0
15.0363,107.99,176.0
14.0279,155.41,178.0
5.4073,208.16,163.0
10.9035,56.07,134.0
3.2004,137.37,114.0
2.286,277.74,163.0
7.2154,248.59,178.0
2.4997,236.55,151.0
3.2467,270.26,170.0
0.1687,7.73,69.0
12.6138,182.24,172.0
6.3477,163.97,153.0
14.4227,286.35,170.0
6.2278,276.28,180.0
13.9725,98.25,170.0
3.7234,202.01,154.0
0.0066,1.33,70.0
11.0142,37.14,131.0
0.1155,0.38,61.0
11.1957,123.45,176.0
6.528,0.78,99.0
7.6961,44.82,114.0
9.4643,278.93,176.0
3.9356,33.15,85.0
2.1666,178.17,128.0
9.5206,248.52,158.0
1.1353,44.41,81.0
11.6877,101.06,158.0
8.1075,152.01,167.0
0.0,261.66,112.0
1.5357,147.06,108.0
4.8835,110.16,123.0
1.2927,22.26,77.0
12.6004,0.0,110.0
2.0317,89.36,97.0
7.7518,283.13,180.0
0.0,136.97,95.0
1.7318,122.38,109.0
3.1822,109.3,122.0
10.9529,201.31,176.0
0.3147,1.02,67.0
10.0141,269.57,170.0
4.8677,179.22,155.0
3.4043,115.4,110.0
9.5206,248.52,166.0
15.1623,153.07,180.0
12.6843,182.79,160.0
7.6931,138.91,156.0
11.1623,200.35,164.0
2.3991,160.37,111.0
10.2915,2.29,105.0
2.5223,63.07,92.0
12.4288,44.61,135.0
7.114,5.22,101.0
6.2231,48.0,111.0
2.2374,39.27,101.0
8.5704,212.95,180.0
14.8959,197.61,175.0
2.1269,155.99,119.0
11.8458,189.94,161.0
11.6116,261.54,176.0
9.3069,278.72,162.0
1.6876,129.5,112.0
0.7783,66.37,81.0
2.6928,122.88,110.0
3.0571,60.7,89.0
3.3391,192.71,142.0
3.3777,269.55,166.0
14.3463,13.09,121.0
12.0701,147.72,180.0
3.291,297.52,177.0
7.8446,254.85,180.0
6.2885,208.18,169.0
8.9302,162.07,170.0
5.0602,144.63,137.0
11.8285,236.76,166.0
0.2317,1.79,67.0
4.9699,191.6,157.0
9.4797,268.39,165.0
3.9553,122.65,127.0
0.7469,230.57,132.0
0.6653,39.73,80.0
5.3772,91.02,121.0
3.6775,84.21,107.0
14.8665,251.67,172.0
3.8596,66.93,95.0
0.1418,155.99,94.0
0.1019,1.19,74.0
3.1546,102.1,112.0
4.1942,29.26,90.0
1.7907,54.1,93.0
12.0382,269.08,167.0
6.5477,194.56,160.0
10.9079,0.0,116.0
2.1723,94.33,106.0
0.7675,74.44,86.0
6.3828,91.34,124.0
11.9742,263.19,168.0
15.2064,14.17,127.0
7.135,38.98,112.0
3.0734,8.32,83.0
3.8312,190.65,136.0
13.2737,190.19,169.0
0.2594,2.93,72.0
8.034,139.01,151.0
6.4149,247.21,180.0
4.1547,193.49,143.0
9.4257,290.23,169.0
5.4372,246.0,176.0
3.7745,90.17,116.0
8.7677,0.0,104.0
5.3289,114.6,134.0
9.455,153.99,167.0
4.6154,225.28,173.0
12.0358,117.07,176.0
0.3706,6.7,68.0
2.3489,163.18,137.0
